[
    {
        "CUSTOMERNO": "1003228",
        "CUSTOMERNAME": "卢颖",
        "SEX": "女",
        "AGE": "49",
        "BIRTHDAY": "1967-03-07",
        "IDTYPENAME": "居民身份证",
        "DOCUMENTNO": "11010319670307****"
    },
    {
        "CUSTOMERNO": "1003514",
        "CUSTOMERNAME": "卢俊玲",
        "SEX": "女",
        "AGE": "39",
        "BIRTHDAY": "1977-07-05",
        "IDTYPENAME": "居民身份证",
        "DOCUMENTNO": "21060319770705****"
    },
    {
        "CUSTOMERNO": "1006293",
        "CUSTOMERNAME": "卢雪梅",
        "SEX": "女",
        "AGE": "44",
        "BIRTHDAY": "1971-10-24",
        "IDTYPENAME": "居民身份证",
        "DOCUMENTNO": "44012119711024****"
    },
    {
        "CUSTOMERNO": "1008592",
        "CUSTOMERNAME": "陆娟",
        "SEX": "女",
        "AGE": "39",
        "BIRTHDAY": "1977-07-02",
        "IDTYPENAME": "居民身份证",
        "DOCUMENTNO": "32058219770702****"
    },
    {
        "CUSTOMERNO": "1004989",
        "CUSTOMERNAME": "卢新江",
        "SEX": "男",
        "AGE": "47",
        "BIRTHDAY": "1968-11-05",
        "IDTYPENAME": "居民身份证",
        "DOCUMENTNO": "33051119681105****"
    },
    {
        "CUSTOMERNO": "100246",
        "CUSTOMERNAME": "陈丽",
        "SEX": "女",
        "AGE": "44",
        "BIRTHDAY": "1971-11-10",
        "IDTYPENAME": "居民身份证",
        "DOCUMENTNO": "12022119711110****"
    },
    {
        "CUSTOMERNO": "1002840",
        "CUSTOMERNAME": "卢静贞",
        "SEX": "女",
        "AGE": "62",
        "BIRTHDAY": "1954-09-12",
        "IDTYPENAME": "居民身份证",
        "DOCUMENTNO": "12022519540912****"
    },
    {
        "CUSTOMERNO": "1001415",
        "CUSTOMERNAME": "芦雅婷",
        "SEX": "女",
        "AGE": "38",
        "BIRTHDAY": "1978-01-11",
        "IDTYPENAME": "居民身份证",
        "DOCUMENTNO": "11010819780111****"
    },
    {
        "CUSTOMERNO": "1000574",
        "CUSTOMERNAME": "鲁春发",
        "SEX": "男",
        "AGE": "50",
        "BIRTHDAY": "1965-11-01",
        "IDTYPENAME": "居民身份证",
        "DOCUMENTNO": "12010319651101****"
    },
    {
        "CUSTOMERNO": "1003228",
        "CUSTOMERNAME": "卢颖",
        "SEX": "女",
        "AGE": "49",
        "BIRTHDAY": "1967-03-07",
        "IDTYPENAME": "居民身份证",
        "DOCUMENTNO": "11010319670307****"
    },
    {
        "CUSTOMERNO": "1003514",
        "CUSTOMERNAME": "卢俊玲",
        "SEX": "女",
        "AGE": "39",
        "BIRTHDAY": "1977-07-05",
        "IDTYPENAME": "居民身份证",
        "DOCUMENTNO": "21060319770705****"
    },
    {
        "CUSTOMERNO": "1006293",
        "CUSTOMERNAME": "卢雪梅",
        "SEX": "女",
        "AGE": "44",
        "BIRTHDAY": "1971-10-24",
        "IDTYPENAME": "居民身份证",
        "DOCUMENTNO": "44012119711024****"
    },
    {
        "CUSTOMERNO": "1008592",
        "CUSTOMERNAME": "陆娟",
        "SEX": "女",
        "AGE": "39",
        "BIRTHDAY": "1977-07-02",
        "IDTYPENAME": "居民身份证",
        "DOCUMENTNO": "32058219770702****"
    },
    {
        "CUSTOMERNO": "1004989",
        "CUSTOMERNAME": "卢新江",
        "SEX": "男",
        "AGE": "47",
        "BIRTHDAY": "1968-11-05",
        "IDTYPENAME": "居民身份证",
        "DOCUMENTNO": "33051119681105****"
    },
    {
        "CUSTOMERNO": "100246",
        "CUSTOMERNAME": "陈丽",
        "SEX": "女",
        "AGE": "44",
        "BIRTHDAY": "1971-11-10",
        "IDTYPENAME": "居民身份证",
        "DOCUMENTNO": "12022119711110****"
    },
    {
        "CUSTOMERNO": "1002840",
        "CUSTOMERNAME": "卢静贞",
        "SEX": "女",
        "AGE": "62",
        "BIRTHDAY": "1954-09-12",
        "IDTYPENAME": "居民身份证",
        "DOCUMENTNO": "12022519540912****"
    },
    {
        "CUSTOMERNO": "1001415",
        "CUSTOMERNAME": "芦雅婷",
        "SEX": "女",
        "AGE": "38",
        "BIRTHDAY": "1978-01-11",
        "IDTYPENAME": "居民身份证",
        "DOCUMENTNO": "11010819780111****"
    },
    {
        "CUSTOMERNO": "1000574",
        "CUSTOMERNAME": "鲁春发",
        "SEX": "男",
        "AGE": "50",
        "BIRTHDAY": "1965-11-01",
        "IDTYPENAME": "居民身份证",
        "DOCUMENTNO": "12010319651101****"
    },
    {
        "CUSTOMERNO": "1003228",
        "CUSTOMERNAME": "卢颖",
        "SEX": "女",
        "AGE": "49",
        "BIRTHDAY": "1967-03-07",
        "IDTYPENAME": "居民身份证",
        "DOCUMENTNO": "11010319670307****"
    },
    {
        "CUSTOMERNO": "1003514",
        "CUSTOMERNAME": "卢俊玲",
        "SEX": "女",
        "AGE": "39",
        "BIRTHDAY": "1977-07-05",
        "IDTYPENAME": "居民身份证",
        "DOCUMENTNO": "21060319770705****"
    },
    {
        "CUSTOMERNO": "1006293",
        "CUSTOMERNAME": "卢雪梅",
        "SEX": "女",
        "AGE": "44",
        "BIRTHDAY": "1971-10-24",
        "IDTYPENAME": "居民身份证",
        "DOCUMENTNO": "44012119711024****"
    },
    {
        "CUSTOMERNO": "1008592",
        "CUSTOMERNAME": "陆娟",
        "SEX": "女",
        "AGE": "39",
        "BIRTHDAY": "1977-07-02",
        "IDTYPENAME": "居民身份证",
        "DOCUMENTNO": "32058219770702****"
    },
    {
        "CUSTOMERNO": "1004989",
        "CUSTOMERNAME": "卢新江",
        "SEX": "男",
        "AGE": "47",
        "BIRTHDAY": "1968-11-05",
        "IDTYPENAME": "居民身份证",
        "DOCUMENTNO": "33051119681105****"
    },
    {
        "CUSTOMERNO": "100246",
        "CUSTOMERNAME": "陈丽",
        "SEX": "女",
        "AGE": "44",
        "BIRTHDAY": "1971-11-10",
        "IDTYPENAME": "居民身份证",
        "DOCUMENTNO": "12022119711110****"
    },
    {
        "CUSTOMERNO": "1002840",
        "CUSTOMERNAME": "卢静贞",
        "SEX": "女",
        "AGE": "62",
        "BIRTHDAY": "1954-09-12",
        "IDTYPENAME": "居民身份证",
        "DOCUMENTNO": "12022519540912****"
    },
    {
        "CUSTOMERNO": "1001415",
        "CUSTOMERNAME": "芦雅婷",
        "SEX": "女",
        "AGE": "38",
        "BIRTHDAY": "1978-01-11",
        "IDTYPENAME": "居民身份证",
        "DOCUMENTNO": "11010819780111****"
    },
    {
        "CUSTOMERNO": "1000574",
        "CUSTOMERNAME": "鲁春发",
        "SEX": "男",
        "AGE": "50",
        "BIRTHDAY": "1965-11-01",
        "IDTYPENAME": "居民身份证",
        "DOCUMENTNO": "12010319651101****"
    }
    ,
    {
        "CUSTOMERNO": "1003228",
        "CUSTOMERNAME": "卢颖",
        "SEX": "女",
        "AGE": "49",
        "BIRTHDAY": "1967-03-07",
        "IDTYPENAME": "居民身份证",
        "DOCUMENTNO": "11010319670307****"
    },
    {
        "CUSTOMERNO": "1003514",
        "CUSTOMERNAME": "卢俊玲",
        "SEX": "女",
        "AGE": "39",
        "BIRTHDAY": "1977-07-05",
        "IDTYPENAME": "居民身份证",
        "DOCUMENTNO": "21060319770705****"
    },
    {
        "CUSTOMERNO": "1006293",
        "CUSTOMERNAME": "卢雪梅",
        "SEX": "女",
        "AGE": "44",
        "BIRTHDAY": "1971-10-24",
        "IDTYPENAME": "居民身份证",
        "DOCUMENTNO": "44012119711024****"
    },
    {
        "CUSTOMERNO": "1008592",
        "CUSTOMERNAME": "陆娟",
        "SEX": "女",
        "AGE": "39",
        "BIRTHDAY": "1977-07-02",
        "IDTYPENAME": "居民身份证",
        "DOCUMENTNO": "32058219770702****"
    },
    {
        "CUSTOMERNO": "1004989",
        "CUSTOMERNAME": "卢新江",
        "SEX": "男",
        "AGE": "47",
        "BIRTHDAY": "1968-11-05",
        "IDTYPENAME": "居民身份证",
        "DOCUMENTNO": "33051119681105****"
    },
    {
        "CUSTOMERNO": "100246",
        "CUSTOMERNAME": "陈丽",
        "SEX": "女",
        "AGE": "44",
        "BIRTHDAY": "1971-11-10",
        "IDTYPENAME": "居民身份证",
        "DOCUMENTNO": "12022119711110****"
    },
    {
        "CUSTOMERNO": "1002840",
        "CUSTOMERNAME": "卢静贞",
        "SEX": "女",
        "AGE": "62",
        "BIRTHDAY": "1954-09-12",
        "IDTYPENAME": "居民身份证",
        "DOCUMENTNO": "12022519540912****"
    },
    {
        "CUSTOMERNO": "1001415",
        "CUSTOMERNAME": "芦雅婷",
        "SEX": "女",
        "AGE": "38",
        "BIRTHDAY": "1978-01-11",
        "IDTYPENAME": "居民身份证",
        "DOCUMENTNO": "11010819780111****"
    },
    {
        "CUSTOMERNO": "1000574",
        "CUSTOMERNAME": "鲁春发",
        "SEX": "男",
        "AGE": "50",
        "BIRTHDAY": "1965-11-01",
        "IDTYPENAME": "居民身份证",
        "DOCUMENTNO": "12010319651101****"
    }
]