<?xml version="1.0" encoding="UTF-8" ?>
<!DOCTYPE mapper PUBLIC "-//mybatis.org//DTD Mapper 3.0//EN" "http://mybatis.org/dtd/mybatis-3-mapper.dtd" >
<mapper namespace="com.sinosoft.service.business.db.dao.AreacodefullVoMapper" >
  <resultMap id="BaseResultMap" type="com.sinosoft.service.business.db.vo.AreacodefullVo" >
    <id column="CITYCODE" property="citycode" jdbcType="VARCHAR" />
    <result column="CITYNAME" property="cityname" jdbcType="VARCHAR" />
    <result column="OPERATOR" property="operator" jdbcType="VARCHAR" />
    <result column="MAKEDATE" property="makedate" jdbcType="TIMESTAMP" />
    <result column="MAKETIME" property="maketime" jdbcType="VARCHAR" />
    <result column="BAK1" property="bak1" jdbcType="VARCHAR" />
    <result column="BAK2" property="bak2" jdbcType="VARCHAR" />
    <result column="BAK3" property="bak3" jdbcType="VARCHAR" />
  </resultMap>
  <sql id="Base_Column_List" >
    CITYCODE, CITYNAME, OPERATOR, MAKEDATE, MAKETIME, BAK1, BAK2, BAK3
  </sql>
  <select id="selectByPrimaryKey" resultMap="BaseResultMap" parameterType="java.lang.String" >
    select 
    <include refid="Base_Column_List" />
    from AREACODEFULL
    where CITYCODE = #{citycode,jdbcType=VARCHAR}
  </select>
  <delete id="deleteByPrimaryKey" parameterType="java.lang.String" >
    delete from AREACODEFULL
    where CITYCODE = #{citycode,jdbcType=VARCHAR}
  </delete>
  <insert id="insert" parameterType="com.sinosoft.service.business.db.vo.AreacodefullVo" >
    insert into AREACODEFULL (CITYCODE, CITYNAME, OPERATOR, 
      MAKEDATE, MAKETIME, BAK1, 
      BAK2, BAK3)
    values (#{citycode,jdbcType=VARCHAR}, #{cityname,jdbcType=VARCHAR}, #{operator,jdbcType=VARCHAR}, 
      #{makedate,jdbcType=TIMESTAMP}, #{maketime,jdbcType=VARCHAR}, #{bak1,jdbcType=VARCHAR}, 
      #{bak2,jdbcType=VARCHAR}, #{bak3,jdbcType=VARCHAR})
  </insert>
  <insert id="insertSelective" parameterType="com.sinosoft.service.business.db.vo.AreacodefullVo" >
    insert into AREACODEFULL
    <trim prefix="(" suffix=")" suffixOverrides="," >
      <if test="citycode != null" >
        CITYCODE,
      </if>
      <if test="cityname != null" >
        CITYNAME,
      </if>
      <if test="operator != null" >
        OPERATOR,
      </if>
      <if test="makedate != null" >
        MAKEDATE,
      </if>
      <if test="maketime != null" >
        MAKETIME,
      </if>
      <if test="bak1 != null" >
        BAK1,
      </if>
      <if test="bak2 != null" >
        BAK2,
      </if>
      <if test="bak3 != null" >
        BAK3,
      </if>
    </trim>
    <trim prefix="values (" suffix=")" suffixOverrides="," >
      <if test="citycode != null" >
        #{citycode,jdbcType=VARCHAR},
      </if>
      <if test="cityname != null" >
        #{cityname,jdbcType=VARCHAR},
      </if>
      <if test="operator != null" >
        #{operator,jdbcType=VARCHAR},
      </if>
      <if test="makedate != null" >
        #{makedate,jdbcType=TIMESTAMP},
      </if>
      <if test="maketime != null" >
        #{maketime,jdbcType=VARCHAR},
      </if>
      <if test="bak1 != null" >
        #{bak1,jdbcType=VARCHAR},
      </if>
      <if test="bak2 != null" >
        #{bak2,jdbcType=VARCHAR},
      </if>
      <if test="bak3 != null" >
        #{bak3,jdbcType=VARCHAR},
      </if>
    </trim>
  </insert>
  <update id="updateByPrimaryKeySelective" parameterType="com.sinosoft.service.business.db.vo.AreacodefullVo" >
    update AREACODEFULL
    <set >
      <if test="cityname != null" >
        CITYNAME = #{cityname,jdbcType=VARCHAR},
      </if>
      <if test="operator != null" >
        OPERATOR = #{operator,jdbcType=VARCHAR},
      </if>
      <if test="makedate != null" >
        MAKEDATE = #{makedate,jdbcType=TIMESTAMP},
      </if>
      <if test="maketime != null" >
        MAKETIME = #{maketime,jdbcType=VARCHAR},
      </if>
      <if test="bak1 != null" >
        BAK1 = #{bak1,jdbcType=VARCHAR},
      </if>
      <if test="bak2 != null" >
        BAK2 = #{bak2,jdbcType=VARCHAR},
      </if>
      <if test="bak3 != null" >
        BAK3 = #{bak3,jdbcType=VARCHAR},
      </if>
    </set>
    where CITYCODE = #{citycode,jdbcType=VARCHAR}
  </update>
  <update id="updateByPrimaryKey" parameterType="com.sinosoft.service.business.db.vo.AreacodefullVo" >
    update AREACODEFULL
    set CITYNAME = #{cityname,jdbcType=VARCHAR},
      OPERATOR = #{operator,jdbcType=VARCHAR},
      MAKEDATE = #{makedate,jdbcType=TIMESTAMP},
      MAKETIME = #{maketime,jdbcType=VARCHAR},
      BAK1 = #{bak1,jdbcType=VARCHAR},
      BAK2 = #{bak2,jdbcType=VARCHAR},
      BAK3 = #{bak3,jdbcType=VARCHAR}
    where CITYCODE = #{citycode,jdbcType=VARCHAR}
  </update>
</mapper>