<?xml version="1.0" encoding="UTF-8"?>
<!DOCTYPE mapper PUBLIC "-//mybatis.org//DTD Mapper 3.0//EN" "http://mybatis.org/dtd/mybatis-3-mapper.dtd">
<mapper namespace="com.sinosoft.service.business.db.dao.ConfirmationDao">
    <resultMap id="BaseResultMap" type="com.sinosoft.service.business.ui.confirmation.bean.ConfirmationBean" >
		    <id column="COMCODE" property="comcode" jdbcType="VARCHAR" />
		    <result column="OUTCOMCODE" property="outcomcode" jdbcType="VARCHAR" />
		    <result column="NAME" property="name" jdbcType="VARCHAR" />
		    <result column="SHORTNAME" property="shortname" jdbcType="VARCHAR" />
		    <result column="ADDRESS" property="address" jdbcType="VARCHAR" />
		    <result column="ZIPCODE" property="zipcode" jdbcType="VARCHAR" />
		    <result column="PHONE" property="phone" jdbcType="VARCHAR" />
		    <result column="FAX" property="fax" jdbcType="VARCHAR" />
		    <result column="EMAIL" property="email" jdbcType="VARCHAR" />
		    <result column="WEBADDRESS" property="webaddress" jdbcType="VARCHAR" />
		    <result column="SATRAPNAME" property="satrapname" jdbcType="VARCHAR" />
		    <result column="REGIONALISMCODE" property="regionalismcode" jdbcType="VARCHAR" />
		    <result column="COMCITYSIZE" property="comcitysize" jdbcType="VARCHAR" />
		    <result column="SERVICENAME" property="servicename" jdbcType="VARCHAR" />
		    <result column="SERVICENO" property="serviceno" jdbcType="VARCHAR" />
		    <result column="SERVICEPHONE" property="servicephone" jdbcType="VARCHAR" />
		    <result column="SERVICEPOSTADDRESS" property="servicepostaddress" jdbcType="VARCHAR" />
		    <result column="COMGRADE" property="comgrade" jdbcType="VARCHAR" />
		    <result column="COMAREATYPE" property="comareatype" jdbcType="VARCHAR" />
		    <result column="UPCOMCODE" property="upcomcode" jdbcType="VARCHAR" />
		    <result column="YEARMONTH" property="yearmonth" jdbcType="VARCHAR" />
		    <result column="ENDDATE" property="enddate" jdbcType="DATE" />
		    <result column="VALIDFLAG" property="validflag" jdbcType="VARCHAR" />
		    <result column="OPERATOR" property="operator" jdbcType="VARCHAR" />
		    <result column="MAKEDATE" property="makedate" jdbcType="DATE" />
		    <result column="MAKETIME" property="maketime" jdbcType="VARCHAR" />
		    <result column="MODIFYDATE" property="modifydate" jdbcType="DATE" />
		    <result column="MODIFYTIME" property="modifytime" jdbcType="VARCHAR" />
		    <result column="REMARK" property="remark" jdbcType="VARCHAR" />
		    <result column="FILEREMARK" property="fileremark" jdbcType="VARCHAR" />
    </resultMap>
 			<sql id="Base_Column_List" >
				    COMCODE, OUTCOMCODE, NAME, SHORTNAME, ADDRESS, ZIPCODE, PHONE, FAX, EMAIL, WEBADDRESS, 
				    SATRAPNAME, REGIONALISMCODE, COMCITYSIZE, SERVICENAME, SERVICENO, SERVICEPHONE, SERVICEPOSTADDRESS, 
				    COMGRADE, COMAREATYPE, UPCOMCODE, YEARMONTH, ENDDATE, VALIDFLAG, OPERATOR, MAKEDATE, 
				    MAKETIME, MODIFYDATE, MODIFYTIME, REMARK, FILEREMARK
            </sql>
 			
 			<select id="selectComcode" resultMap="BaseResultMap" parameterType="java.lang.String" >
				    select 
				    <include refid="Base_Column_List" />
				    from LDCOM
				    where COMCODE = #{comcode,jdbcType=VARCHAR}
            </select>
 					
  
    
    
</mapper>