<?xml version="1.0" encoding="UTF-8"?>
<!DOCTYPE mapper PUBLIC "-//mybatis.org//DTD Mapper 3.0//EN" "http://mybatis.org/dtd/mybatis-3-mapper.dtd">
<mapper namespace="com.sinosoft.service.business.db.dao.laqualidetailsDao">
  <resultMap id="BaseResultMap" type="com.sinosoft.service.business.db.vo.laqualidetailsVo">
    <result column="staffid" jdbcType="VARCHAR" property="staffid" />
    <result column="licensesCode" jdbcType="VARCHAR" property="licensesCode" />
    <result column="licensesCertificationsDescr" jdbcType="VARCHAR" property="licensesCertificationsDescr" />
    <result column="issueDate" jdbcType="DATE" property="issueDate" />
     <result column="expirationDate" jdbcType="DATE" property="expirationDate" />
    <result column="licenseCertificationNo" jdbcType="VARCHAR" property="licenseCertificationNo" />
    <result column="issuedBy" jdbcType="VARCHAR" property="issuedBy" />
    <result column="verified" jdbcType="VARCHAR" property="verified" />
     <result column="renewal" jdbcType="VARCHAR" property="renewal" />
    <result column="country" jdbcType="VARCHAR" property="country" />
    <result column="states" jdbcType="VARCHAR" property="states" />
    <result column="checkflag" jdbcType="VARCHAR" property="checkflag" />
    <result column="makedate" jdbcType="DATE" property="makedate" />
    <result column="maketime" jdbcType="VARCHAR" property="maketime" />
    <result column="modifydate" jdbcType="DATE" property="modifydate" />
    <result column="modifytime" jdbcType="VARCHAR" property="modifytime" />
  </resultMap>
  
  <sql id="Base_Column_List">
   staffid,licensesCode,licensesCertificationsDescr,issueDate,expirationDate,licenseCertificationNo,issuedBy,verified,renewal,country,states,makedate,maketime,modifydate,modifytime
  
  </sql>
  <insert id="insert" parameterType="com.sinosoft.service.business.db.vo.laqualidetailsVo">
    insert into laqualidetails (staffid,licensesCode,licensesCertificationsDescr,issueDate,expirationDate,licenseCertificationNo,
    issuedBy,verified,renewal,country,states,checkflag,makedate,maketime,modifydate,modifytime)
    values (#{staffid,jdbcType=VARCHAR}, #{licensesCode,jdbcType=VARCHAR}, #{licensesCertificationsDescr,jdbcType=VARCHAR}, #{issueDate,jdbcType=DATE},
    	    #{expirationDate,jdbcType=DATE}, #{licenseCertificationNo,jdbcType=VARCHAR}, 
     	    #{issuedBy,jdbcType=VARCHAR}, #{verified,jdbcType=VARCHAR}, #{renewal,jdbcType=VARCHAR},#{country,jdbcType=VARCHAR}, #{states,jdbcType=VARCHAR}, #{checkflag,jdbcType=VARCHAR},
     	    #{makedate,jdbcType=DATE}, #{maketime,jdbcType=VARCHAR}, 
     	    #{modifydate,jdbcType=DATE}, #{modifytime,jdbcType=VARCHAR})
  </insert>
  
  
  <select id="copylaqualidetails" resultMap="BaseResultMap">
  select * from laqualidetails
  </select>
  <select id="selectmaxid" resultType="java.lang.String">
   select max(fileid)+1 from detailall
  </select>
  <select id="querycount" resultType="com.sinosoft.service.business.db.vo.detailallVo" parameterType="java.lang.String">
  select * from detailall where flag='Y' and fileid=#{fileid}
  </select>
  <select id="selectByemplID" resultType="com.sinosoft.service.business.db.vo.SYSUserVo" parameterType="com.sinosoft.service.business.db.vo.SYSUserVo">
  
   	select emplID from ldusera where 1=1
       <if test="emplID != null">
        and emplID = #{emplID,jdbcType=VARCHAR}
       </if>
  
  </select>
  <select id="selectBycode" parameterType="com.sinosoft.service.business.db.vo.laqualidetailsVo" resultType="com.sinosoft.service.business.db.vo.LaqualiinfoVo">
  	select
	certificatecode
		from laqualiinfo
		where certificatecode = #{licensesCode} 
  </select>
  <insert id="insertA" parameterType="com.sinosoft.service.business.db.vo.laqualidetailsVo">
    insert into laqualidetailsa(staffid,licensesCode,licensesCertificationsDescr,issueDate,expirationDate,licenseCertificationNo,
    issuedBy,verified,renewal,country,states,checkflag,makedate,maketime,modifydate,modifytime)
    values (#{staffid,jdbcType=VARCHAR}, #{licensesCode,jdbcType=VARCHAR}, #{licensesCertificationsDescr,jdbcType=VARCHAR}, #{issueDate,jdbcType=DATE},
    	    #{expirationDate,jdbcType=DATE}, #{licenseCertificationNo,jdbcType=VARCHAR}, 
     	    #{issuedBy,jdbcType=VARCHAR}, #{verified,jdbcType=VARCHAR}, #{renewal,jdbcType=VARCHAR},#{country,jdbcType=VARCHAR}, #{states,jdbcType=VARCHAR}, #{checkflag,jdbcType=VARCHAR},
     	    #{makedate,jdbcType=DATE}, #{maketime,jdbcType=VARCHAR}, 
     	    #{modifydate,jdbcType=DATE}, #{modifytime,jdbcType=VARCHAR})
  </insert>
  <insert id="insertB" parameterType="com.sinosoft.service.business.db.vo.laqualidetailsVo">
    insert into laqualidetailsb(staffid,licensesCode,licensesCertificationsDescr,issueDate,expirationDate,licenseCertificationNo,
    issuedBy,verified,renewal,country,states,checkflag,makedate,maketime,modifydate,modifytime)
    values (#{staffid,jdbcType=VARCHAR}, #{licensesCode,jdbcType=VARCHAR}, #{licensesCertificationsDescr,jdbcType=VARCHAR}, #{issueDate,jdbcType=DATE},
    	    #{expirationDate,jdbcType=DATE}, #{licenseCertificationNo,jdbcType=VARCHAR}, 
     	    #{issuedBy,jdbcType=VARCHAR}, #{verified,jdbcType=VARCHAR}, #{renewal,jdbcType=VARCHAR},#{country,jdbcType=VARCHAR}, #{states,jdbcType=VARCHAR}, #{checkflag,jdbcType=VARCHAR},
     	    #{makedate,jdbcType=DATE}, #{maketime,jdbcType=VARCHAR}, 
     	    #{modifydate,jdbcType=DATE}, #{modifytime,jdbcType=VARCHAR})
  </insert>
    <insert id="insertdetailall" parameterType="com.sinosoft.service.business.db.vo.detailallVo">
	  insert into detailall(transno,staffid,flag,operator,descs,fileid,makedate,maketime) 
	  values(#{transno,jdbcType=VARCHAR},#{staffid,jdbcType=VARCHAR},#{flag,jdbcType=VARCHAR},
	  #{operator,jdbcType=VARCHAR},#{descs,jdbcType=VARCHAR},#{fileid,jdbcType=VARCHAR},#{makedate,jdbcType=TIMESTAMP},#{maketime,jdbcType=VARCHAR})
  </insert> 
    <insert id="insertrecordall" parameterType="com.sinosoft.service.business.db.vo.recordallVo">
	  insert into recordall(transno,fileid,filetype,counts,loser,succeed,operator,makedate,maketime) 
	  values(#{transno,jdbcType=VARCHAR},#{fileid,jdbcType=VARCHAR},#{filetype,jdbcType=VARCHAR},
	  #{counts,jdbcType=VARCHAR},#{loser,jdbcType=VARCHAR},#{succeed,jdbcType=VARCHAR},#{operator,jdbcType=VARCHAR},#{makedate,jdbcType=TIMESTAMP},#{maketime,jdbcType=VARCHAR})
  </insert>
  <select id="selectseq" resultType="java.lang.String">
  select  seq_detailall.nextval from dual
  </select>
  <insert id="inserte" parameterType="com.sinosoft.service.business.db.vo.externalgiftsVo">
    insert into externalgifts (staffid,licensesCode,licensesCertificationsDescr,issueDate,expirationDate,licenseCertificationNo,
    issuedBy,verified,renewal,country,states,checkflag,makedate,maketime,modifydate,modifytime)
    values (#{staffid,jdbcType=VARCHAR}, #{licensesCode,jdbcType=VARCHAR}, #{licensesCertificationsDescr,jdbcType=VARCHAR}, #{issueDate,jdbcType=DATE},
    	    #{expirationDate,jdbcType=DATE}, #{licenseCertificationNo,jdbcType=VARCHAR}, 
     	    #{issuedBy,jdbcType=VARCHAR}, #{verified,jdbcType=VARCHAR}, #{renewal,jdbcType=VARCHAR},#{country,jdbcType=VARCHAR}, #{states,jdbcType=VARCHAR}, #{checkflag,jdbcType=VARCHAR},
     	    #{makedate,jdbcType=DATE}, #{maketime,jdbcType=VARCHAR}, 
     	    #{modifydate,jdbcType=DATE}, #{modifytime,jdbcType=VARCHAR})
  </insert>
   <insert id="inserteA" parameterType="com.sinosoft.service.business.db.vo.externalgiftsVo">
    insert into externalgiftsa(staffid,licensesCode,licensesCertificationsDescr,issueDate,expirationDate,licenseCertificationNo,
    issuedBy,verified,renewal,country,states,checkflag,makedate,maketime,modifydate,modifytime)
    values (#{staffid,jdbcType=VARCHAR}, #{licensesCode,jdbcType=VARCHAR}, #{licensesCertificationsDescr,jdbcType=VARCHAR}, #{issueDate,jdbcType=DATE},
    	    #{expirationDate,jdbcType=DATE}, #{licenseCertificationNo,jdbcType=VARCHAR}, 
     	    #{issuedBy,jdbcType=VARCHAR}, #{verified,jdbcType=VARCHAR}, #{renewal,jdbcType=VARCHAR},#{country,jdbcType=VARCHAR}, #{states,jdbcType=VARCHAR}, #{checkflag,jdbcType=VARCHAR},
     	    #{makedate,jdbcType=DATE}, #{maketime,jdbcType=VARCHAR}, 
     	    #{modifydate,jdbcType=DATE}, #{modifytime,jdbcType=VARCHAR})
  </insert>
  
  <insert id="inserteB" parameterType="com.sinosoft.service.business.db.vo.externalgiftsVo">
    insert into externalgiftsb (staffid,licensesCode,licensesCertificationsDescr,issueDate,expirationDate,licenseCertificationNo,
    issuedBy,verified,renewal,country,states,checkflag,makedate,maketime,modifydate,modifytime)
    values (#{staffid,jdbcType=VARCHAR}, #{licensesCode,jdbcType=VARCHAR}, #{licensesCertificationsDescr,jdbcType=VARCHAR}, #{issueDate,jdbcType=DATE},
    	    #{expirationDate,jdbcType=DATE}, #{licenseCertificationNo,jdbcType=VARCHAR}, 
     	    #{issuedBy,jdbcType=VARCHAR}, #{verified,jdbcType=VARCHAR}, #{renewal,jdbcType=VARCHAR},#{country,jdbcType=VARCHAR}, #{states,jdbcType=VARCHAR}, #{checkflag,jdbcType=VARCHAR},
     	    #{makedate,jdbcType=DATE}, #{maketime,jdbcType=VARCHAR}, 
     	    #{modifydate,jdbcType=DATE}, #{modifytime,jdbcType=VARCHAR})
  </insert>
   <select id="selectAlls" resultMap="BaseResultMap" >
    select * from laqualidetailsa
    </select>
   <select id="QueryAlls" resultMap="BaseResultMap" parameterType="com.sinosoft.service.business.db.vo.laqualidetailsVo">
    select * from laqualidetailsa where 1=1 
    <if test="staffid != null">
         and staffid=#{staffid} 
    </if>
    <if test="checkflag != null">
       and checkflag=#{checkflag} 
    </if>
    union select * from externalgiftsa where 1=1 
     <if test="staffid != null">
         and staffid=#{staffid} 
    </if>
    <if test="checkflag != null">
       and checkflag=#{checkflag} 
    </if>
    <if test="licensesCode != null">
       and licensesCode=#{licensesCode}
    </if>
   </select>
   
   <select id="Querylaqualidetailsa" resultMap="BaseResultMap"  parameterType="com.sinosoft.service.business.db.vo.laqualidetailsVo">
   select * from laqualidetailsa where staffid=#{staffid} and licensesCode=#{licensesCode} 
   </select>
   <select id="Queryexternalgiftsa" resultMap="BaseResultMap"  parameterType="com.sinosoft.service.business.db.vo.laqualidetailsVo">
   select * from externalgiftsa  where staffid=#{staffid} and licensesCode=#{licensesCode}
   </select>
   
   <delete id="deletelaqualidetails" parameterType="com.sinosoft.service.business.db.vo.laqualidetailsVo">
   delete from laqualidetails  where staffid=#{staffid} and licensesCode=#{licensesCode}
   </delete>
   <delete id="deleteexternalgifts" parameterType="com.sinosoft.service.business.db.vo.laqualidetailsVo">
   delete from externalgifts  where staffid=#{staffid} and licensesCode=#{licensesCode}
   </delete> 
   
   
   <delete id="deletelaqualidetailsa" parameterType="com.sinosoft.service.business.db.vo.laqualidetailsVo">
   delete from laqualidetailsa  where staffid=#{staffid} and licensesCode=#{licensesCode}
   </delete>
   <delete id="deleteexternalgiftsa" parameterType="com.sinosoft.service.business.db.vo.laqualidetailsVo">
   delete from externalgiftsa  where staffid=#{staffid} and licensesCode=#{licensesCode}
   </delete>  
   
   
    <select id="QueryByqualifitype" resultMap="BaseResultMap"  parameterType="com.sinosoft.service.business.db.vo.SYSUserVo">
   select a.*
    from (select * from laqualidetails s
           where s.staffid 
           in (
           select a.emplid from ldusera a
           where 1=1 
        <if test="emplID != null">
        and emplID = #{emplID,jdbcType=VARCHAR}
       </if>
       <if test="city != null">
       <!--   and location  like concat(concat('%',${city}),'%')  -->
       </if>
       <if test="location != null">
        and location = #{location,jdbcType=VARCHAR}
       </if>
       <if test="companyName != null">
        and companyName = #{companyName,jdbcType=VARCHAR}
       </if>
       <if test="department != null">
        and department = #{department,jdbcType=VARCHAR}
       </if>
       )union 
       (select * from externalgifts e
              where e.staffid 
              in(
            select a.emplid from ldusera a
                         where 1=1
        <if test="emplID != null">
        and emplID = #{emplID,jdbcType=VARCHAR}
       </if>
       <if test="city != null">
       <!--   and location  like concat(concat('%',${city}),'%')  -->
       </if>
       <if test="location != null">
        and location = #{location,jdbcType=VARCHAR}
       </if>
       <if test="companyName != null">
        and companyName = #{companyName,jdbcType=VARCHAR}
       </if>
       <if test="department != null">
        and department = #{department,jdbcType=VARCHAR}
       </if>          
                         
                         ))) a

  
       
   </select>
  

<!--   <update id="update" parameterType="com.sinosoft.service.business.db.vo.laqualidetailssVo">
    update laqualidetails
    <set>

      <if test="getdate != null">
        GETDATE=#{getdate},
      </if>
      <if test="status != null">
        STATUS=#{status},
      </if>
      <if test="makedate != null">
        MAKEDATE={makedate},
      </if>
      <if test="maketime != null">
        MAKETIME=#{maketime},
      </if>
      <if test="modifydate != null">
        MODIFYDATE=#{modifydate},
      </if>
      <if test="modifytime != null">
        MODIFYTIME=#{modifytime},
      </if>
  
    </set>
    where STAFFID=#{staffid} and CERTIFICATE=#{certificate}
 </update> -->
 
 
  <update id="update" parameterType="com.sinosoft.service.business.db.vo.laqualidetailsVo">
    update laqualidetails
    <set>
      <if test="getdate != null">
        GETDATE = #{getdate,jdbcType=VARCHAR},
      </if>
      <if test="status != null">
        STATUS = #{status,jdbcType=VARCHAR},
      </if>
      <if test="makedate != null">
        MAKEDATE = #{makedate,jdbcType=DATE},
      </if>
      <if test="maketime != null">
        MAKETIME = #{maketime,jdbcType=VARCHAR},
      </if>
      <if test="modifydate != null">
        MODIFYDATE = #{modifydate,jdbcType=DATE},
      </if>
      <if test="modifytime != null">
        MODIFYTIME = #{modifytime,jdbcType=VARCHAR},
      </if>
    </set>
    where STAFFID = #{staffid,jdbcType=VARCHAR} and CERTIFICATE=#{certificate,jdbcType=VARCHAR}
  </update>
  
 
  
  <insert id="insertSelective" parameterType="com.sinosoft.service.business.db.vo.laqualidetailsVo">
    insert into laqualidetails
    <trim prefix="(" suffix=")" suffixOverrides=",">
      <if test="staffid != null">
        STAFFID,
      </if>
      <if test="certificate != null">
        CERTIFICATE,
      </if>
      <if test="getdate != null">
        GETDATE,
      </if>
      <if test="status != null">
        STATUS,
      </if>
      <if test="makedate != null">
        MAKEDATE,
      </if>
      <if test="maketime != null">
        MAKETIME,
      </if>
      <if test="modifydate != null">
        MODIFYDATE,
      </if>
      <if test="modifytime != null">
        MODIFYTIME,
      </if>
    </trim>
    <trim prefix="values (" suffix=")" suffixOverrides=",">
      <if test="staffid != null">
        #{staffid,jdbcType=VARCHAR},
      </if>
      <if test="certificate != null">
        #{certificate,jdbcType=VARCHAR},
      </if>
      <if test="getdate != null">
        #{getdate,jdbcType=DATE},
      </if>
      <if test="status != null">
        #{status,jdbcType=VARCHAR},
      </if>
      <if test="makedate != null">
        #{makedate,jdbcType=DATE},
      </if>
      <if test="maketime != null">
        #{maketime,jdbcType=VARCHAR},
      </if>
      <if test="modifydate != null">
        #{modifydate,jdbcType=DATE},
      </if>
      <if test="modifytime != null">
        #{modifytime,jdbcType=VARCHAR},
      </if>
    </trim>
  </insert>
</mapper>