<?xml version="1.0" encoding="UTF-8"?>
<!DOCTYPE mapper PUBLIC "-//mybatis.org//DTD Mapper 3.0//EN" "http://mybatis.org/dtd/mybatis-3-mapper.dtd">
<mapper namespace="com.sinosoft.service.business.db.dao.LaqualitrainDao">
	<resultMap id="BaseResultMap" type="com.sinosoft.service.business.db.vo.LaqualitrainVo">
    <id column="trainingtype" jdbcType="VARCHAR" property="trainingtype" />
    <result column="qualifiinfo" jdbcType="VARCHAR" property="qualifiinfo" />
    <result column="flag" jdbcType="VARCHAR" property="flag" />
    <result column="makedate" jdbcType="TIMESTAMP" property="makedate" />
    <result column="maketime" jdbcType="VARCHAR" property="maketime" />
    <result column="modifydate" jdbcType="TIMESTAMP" property="modifydate" />
    <result column="modifytime" jdbcType="VARCHAR" property="modifytime" />
   
  </resultMap>
  <sql id="Base_Column_List">
    trainingtype,qualifiinfo,flag,makedate,maketime,modifydate,modifytime
  </sql>
  
  <select id="selectAllBean" parameterType="com.sinosoft.service.business.db.vo.LaqualitrainVo" resultMap="BaseResultMap">
  	select
		<include refid="Base_Column_List" /> 
		from laqualitrain
		where trainingtype = #{trainingtype} 
  </select>
  
  <select id="selectBytypeAndinfo" parameterType="com.sinosoft.service.business.db.vo.LaqualitrainVo" resultType="java.lang.Integer">
        select count(*) from laqualitrain where trainingtype=#{trainingtype} and qualifiinfo=#{qualifiinfo}
  </select>
  
   <select id="selectBytypeAndinfoAll" parameterType="com.sinosoft.service.business.db.vo.LaqualitrainVo" resultMap="BaseResultMap">
        select <include refid="Base_Column_List" />  from laqualitrain where trainingtype=#{trainingtype} and qualifiinfo=#{qualifiinfo}
  </select>
  
  
  <delete id="deleteBytypeAndinfo" parameterType="com.sinosoft.service.business.db.vo.LaqualitrainVo">
   delete from  laqualitrain where trainingtype=#{trainingtype} and qualifiinfo=#{qualifiinfo}
  </delete>
  
  <select id="select" resultMap="BaseResultMap">
  	select * from t_sys_user
  </select>
  
  <select id="queryByUserCode" parameterType="com.sinosoft.service.business.db.vo.LaqualitrainVo" resultMap="BaseResultMap">
		select
		<include refid="Base_Column_List" /> 
		from t_sys_user
		where "user_code" = #{userCode} 
	   		 
	</select>
	
	<select id="queryByUserCodeAndName" parameterType="com.sinosoft.service.business.db.vo.LaqualitrainVo" resultMap="BaseResultMap">
		select
		<include refid="Base_Column_List" /> 
		from t_sys_user
		where "user_code" = #{userCode} and "user_name" = #{userName}
	    
	</select>
	
	<select id="queryList11" parameterType="com.sinosoft.service.business.db.vo.LaqualitrainVo" resultMap="BaseResultMap">
		select
		<include refid="Base_Column_List" /> 
		from t_sys_user
		where 1=1
		
	    <if test="userCode != null">
	        and "user_code" = #{userCode}
	   	</if>    
		<if test="userName != null">
	        and "user_name" = #{userName}
	   	</if>
	</select>
	
	<select id="selectUidList" resultType="java.lang.String">
  		select "uid" from t_sys_user
  	</select>
  	
  	<insert id="insert" parameterType="com.sinosoft.service.business.db.vo.LaqualitrainVo">
   insert into laqualitrain
  (trainingtype, qualifiinfo,flag, makedate, maketime,modifydate,modifytime)
    values (#{trainingtype,jdbcType=VARCHAR}, #{qualifiinfo,jdbcType=VARCHAR}, #{flag,jdbcType=VARCHAR},#{makedate,jdbcType=TIMESTAMP}, #{maketime,jdbcType=VARCHAR},#{modifydate,jdbcType=TIMESTAMP}, #{modifytime,jdbcType=VARCHAR})
  </insert>
	 

	 
	 
	<update id="updateLaqualiinfoByQualifitype" parameterType="com.sinosoft.service.business.db.vo.LaqualitrainVo">
    update laqualitrain
    <set>
      <if test="qualifiinfo != null">
        qualifiinfo= #{qualifiinfo,jdbcType=VARCHAR},
      </if>
       <if test="flag != null">
        flag = #{flag,jdbcType=VARCHAR},
      </if>
      <if test="modifydate != null">
        modifydate= #{modifydate,jdbcType=TIMESTAMP},
      </if>
      <if test="modifytime != null">
        modifytime= #{modifytime,jdbcType=VARCHAR},
      </if>
     </set>
    where trainingtype=#{trainingtype,jdbcType=VARCHAR} and  qualifiinfo=#{qualifiinfo,jdbcType=VARCHAR} 

  </update>	 
	 
</mapper>