<?xml version="1.0" encoding="UTF-8"?>
<!DOCTYPE mapper PUBLIC "-//mybatis.org//DTD Mapper 3.0//EN" "http://mybatis.org/dtd/mybatis-3-mapper.dtd">
<mapper namespace="com.sinosoft.service.business.db.dao.LatraincourseDao">
	<resultMap id="BaseResultMap" type="com.sinosoft.service.business.db.vo.LatraincourseVo">
    <id column="coursecode" jdbcType="VARCHAR" property="coursecode" />
    <result column="coursetitle" jdbcType="VARCHAR" property="coursetitle" />
    <result column="flag" jdbcType="VARCHAR" property="flag" />
    <result column="makedate" jdbcType="TIMESTAMP" property="makedate" />
    <result column="maketime" jdbcType="VARCHAR" property="maketime" />
    <result column="modifydate" jdbcType="TIMESTAMP" property="modifydate" />
    <result column="modifytime" jdbcType="VARCHAR" property="modifytime" />
   
  </resultMap>
  <sql id="Base_Column_List">
    coursecode,coursetitle,flag,makedate,maketime,modifydate,modifytime
  </sql>
  
  <select id="selectAllBean" parameterType="com.sinosoft.service.business.db.vo.LatraincourseVo" resultMap="BaseResultMap">
  	select
		<include refid="Base_Column_List" /> 
		from latraincourse
		where 1=1
		<if test="coursecode != null">
	      and coursecode = #{coursecode} 
	   	</if>
		
  </select>
  <select id="selectAll" parameterType="com.sinosoft.service.business.db.vo.LatraincourseVo" resultMap="BaseResultMap">
  	select
		distinct(coursecode)
		from latraincourse
  </select>
  
  <select id="selectBytypeAndinfo" parameterType="com.sinosoft.service.business.db.vo.LatraincourseVo" resultType="java.lang.Integer">
        select count(*) from latraincourse where coursecode=#{coursecode} and coursetitle=#{coursetitle}
  </select>
  
   <select id="selectBytypeAndinfoAll" parameterType="com.sinosoft.service.business.db.vo.LatraincourseVo" resultMap="BaseResultMap">
        select <include refid="Base_Column_List" />  from latraincourse where coursecode=#{coursecode} and coursetitle=#{coursetitle}
  </select>
  
  
  <delete id="deleteBytypeAndinfo" parameterType="com.sinosoft.service.business.db.vo.LatraincourseVo">
   delete from  latraincourse where coursecode=#{coursecode} and coursetitle=#{coursetitle}
  </delete>

  

	
	<select id="queryList11" parameterType="com.sinosoft.service.business.db.vo.LatraincourseVo" resultMap="BaseResultMap">
		select
		<include refid="Base_Column_List" /> 
		from t_sys_user
		where 1=1
		
	    <if test="userCode != null">
	        and "user_code" = #{userCode}
	   	</if>    
		<if test="userName != null">
	        and "user_name" = #{userName}
	   	</if>
	</select>
	
	<select id="selectUidList" resultType="java.lang.String">
  		select "uid" from t_sys_user
  	</select>
  	
  	<insert id="insert" parameterType="com.sinosoft.service.business.db.vo.LatraincourseVo">
   insert into latraincourse
  (coursecode, coursetitle,flag, makedate, maketime,modifydate,modifytime)
    values (#{coursecode,jdbcType=VARCHAR}, #{coursetitle,jdbcType=VARCHAR}, #{flag,jdbcType=VARCHAR},#{makedate,jdbcType=TIMESTAMP}, #{maketime,jdbcType=VARCHAR},#{modifydate,jdbcType=TIMESTAMP}, #{modifytime,jdbcType=VARCHAR})
  </insert>
	 

	 
	 
	<update id="updateLaqualiinfoByQualifitype" parameterType="com.sinosoft.service.business.db.vo.LatraincourseVo">
    update latraincourse
    <set>
      <if test="coursetitle != null">
        coursetitle= #{coursetitle,jdbcType=VARCHAR},
      </if>
       <if test="flag != null">
        flag = #{flag,jdbcType=VARCHAR},
      </if>
      <if test="modifydate != null">
        modifydate= #{modifydate,jdbcType=TIMESTAMP},
      </if>
      <if test="modifytime != null">
        modifytime= #{modifytime,jdbcType=VARCHAR},
      </if>
     </set>
    where coursecode=#{coursecode,jdbcType=VARCHAR} 
    <if test="coursetitle != null and mycoursetitle == null">
     and coursetitle=#{coursetitle,jdbcType=VARCHAR} 
    </if>
    <if test="mycoursetitle != null and coursetitle != null">
     and coursetitle=#{mycoursetitle,jdbcType=VARCHAR} 
    </if>
   

  </update>	 
	 
</mapper>