<?xml version="1.0" encoding="UTF-8" ?>
<!DOCTYPE mapper PUBLIC "-//mybatis.org//DTD Mapper 3.0//EN" "http://mybatis.org/dtd/mybatis-3-mapper.dtd" >
<mapper namespace="com.sinosoft.service.business.db.dao.LdcomVoMapper" >
  <resultMap id="BaseResultMap" type="com.sinosoft.service.business.db.vo.LdcomVo" >
    <id column="COMCODE" property="comcode" jdbcType="VARCHAR" />
    <result column="OUTCOMCODE" property="outcomcode" jdbcType="VARCHAR" />
    <result column="SHORTNAME" property="shortname" jdbcType="VARCHAR" />
    <result column="ADDRESS" property="address" jdbcType="VARCHAR" />
    <result column="ZIPCODE" property="zipcode" jdbcType="VARCHAR" />
    <result column="PHONE" property="phone" jdbcType="VARCHAR" />
    <result column="FAX" property="fax" jdbcType="VARCHAR" />
    <result column="EMAIL" property="email" jdbcType="VARCHAR" />
    <result column="WEBADDRESS" property="webaddress" jdbcType="VARCHAR" />
    <result column="SATRAPNAME" property="satrapname" jdbcType="VARCHAR" />
    <result column="REGIONALISMCODE" property="regionalismcode" jdbcType="VARCHAR" />
    <result column="COMCITYSIZE" property="comcitysize" jdbcType="VARCHAR" />
    <result column="SERVICENAME" property="servicename" jdbcType="VARCHAR" />
    <result column="SERVICENO" property="serviceno" jdbcType="VARCHAR" />
    <result column="SERVICEPHONE" property="servicephone" jdbcType="VARCHAR" />
    <result column="SERVICEPOSTADDRESS" property="servicepostaddress" jdbcType="VARCHAR" />
    <result column="COMGRADE" property="comgrade" jdbcType="VARCHAR" />
    <result column="COMAREATYPE" property="comareatype" jdbcType="VARCHAR" />
    <result column="UPCOMCODE" property="upcomcode" jdbcType="VARCHAR" />
    <result column="YEARMONTH" property="yearmonth" jdbcType="VARCHAR" />
    <result column="ENDDATE" property="enddate" jdbcType="TIMESTAMP" />
    <result column="VALIDFLAG" property="validflag" jdbcType="VARCHAR" />
    <result column="OPERATOR" property="operator" jdbcType="VARCHAR" />
    <result column="MAKEDATE" property="makedate" jdbcType="TIMESTAMP" />
    <result column="MAKETIME" property="maketime" jdbcType="VARCHAR" />
    <result column="MODIFYDATE" property="modifydate" jdbcType="TIMESTAMP" />
    <result column="MODIFYTIME" property="modifytime" jdbcType="VARCHAR" />
    <result column="REMARK" property="remark" jdbcType="VARCHAR" />
    <result column="FILEREMARK" property="fileremark" jdbcType="VARCHAR" />
    <result column="COMNAME" property="comname" jdbcType="VARCHAR" />
    <result column="NAME" property="name" jdbcType="VARCHAR" />
  </resultMap>
  <sql id="Base_Column_List" >
    COMCODE, OUTCOMCODE, SHORTNAME, ADDRESS, ZIPCODE, PHONE, FAX, EMAIL, WEBADDRESS, 
    SATRAPNAME, REGIONALISMCODE, COMCITYSIZE, SERVICENAME, SERVICENO, SERVICEPHONE, SERVICEPOSTADDRESS, 
    COMGRADE, COMAREATYPE, UPCOMCODE, YEARMONTH, ENDDATE, VALIDFLAG, OPERATOR, MAKEDATE, 
    MAKETIME, MODIFYDATE, MODIFYTIME, REMARK, FILEREMARK, COMNAME, NAME
  </sql>
  <select id="selectByPrimaryKey" resultMap="BaseResultMap" parameterType="java.lang.String" >
    select 
    <include refid="Base_Column_List" />
    from LDCOM
    where COMCODE = #{comcode,jdbcType=VARCHAR}
  </select>
  <delete id="deleteByPrimaryKey" parameterType="java.lang.String" >
    delete from LDCOM
    where COMCODE = #{comcode,jdbcType=VARCHAR}
  </delete>
  <insert id="insert" parameterType="com.sinosoft.service.business.db.vo.LdcomVo" >
    insert into LDCOM (COMCODE, OUTCOMCODE, SHORTNAME, 
      ADDRESS, ZIPCODE, PHONE, 
      FAX, EMAIL, WEBADDRESS, 
      SATRAPNAME, REGIONALISMCODE, COMCITYSIZE, 
      SERVICENAME, SERVICENO, SERVICEPHONE, 
      SERVICEPOSTADDRESS, COMGRADE, COMAREATYPE, 
      UPCOMCODE, YEARMONTH, ENDDATE, 
      VALIDFLAG, OPERATOR, MAKEDATE, 
      MAKETIME, MODIFYDATE, MODIFYTIME, 
      REMARK, FILEREMARK, COMNAME, 
      NAME)
    values (#{comcode,jdbcType=VARCHAR}, #{outcomcode,jdbcType=VARCHAR}, #{shortname,jdbcType=VARCHAR}, 
      #{address,jdbcType=VARCHAR}, #{zipcode,jdbcType=VARCHAR}, #{phone,jdbcType=VARCHAR}, 
      #{fax,jdbcType=VARCHAR}, #{email,jdbcType=VARCHAR}, #{webaddress,jdbcType=VARCHAR}, 
      #{satrapname,jdbcType=VARCHAR}, #{regionalismcode,jdbcType=VARCHAR}, #{comcitysize,jdbcType=VARCHAR}, 
      #{servicename,jdbcType=VARCHAR}, #{serviceno,jdbcType=VARCHAR}, #{servicephone,jdbcType=VARCHAR}, 
      #{servicepostaddress,jdbcType=VARCHAR}, #{comgrade,jdbcType=VARCHAR}, #{comareatype,jdbcType=VARCHAR}, 
      #{upcomcode,jdbcType=VARCHAR}, #{yearmonth,jdbcType=VARCHAR}, #{enddate,jdbcType=TIMESTAMP}, 
      #{validflag,jdbcType=VARCHAR}, #{operator,jdbcType=VARCHAR}, #{makedate,jdbcType=TIMESTAMP}, 
      #{maketime,jdbcType=VARCHAR}, #{modifydate,jdbcType=TIMESTAMP}, #{modifytime,jdbcType=VARCHAR}, 
      #{remark,jdbcType=VARCHAR}, #{fileremark,jdbcType=VARCHAR}, #{comname,jdbcType=VARCHAR}, 
      #{name,jdbcType=VARCHAR})
  </insert>
  <insert id="insertSelective" parameterType="com.sinosoft.service.business.db.vo.LdcomVo" >
    insert into LDCOM
    <trim prefix="(" suffix=")" suffixOverrides="," >
      <if test="comcode != null" >
        COMCODE,
      </if>
      <if test="outcomcode != null" >
        OUTCOMCODE,
      </if>
      <if test="shortname != null" >
        SHORTNAME,
      </if>
      <if test="address != null" >
        ADDRESS,
      </if>
      <if test="zipcode != null" >
        ZIPCODE,
      </if>
      <if test="phone != null" >
        PHONE,
      </if>
      <if test="fax != null" >
        FAX,
      </if>
      <if test="email != null" >
        EMAIL,
      </if>
      <if test="webaddress != null" >
        WEBADDRESS,
      </if>
      <if test="satrapname != null" >
        SATRAPNAME,
      </if>
      <if test="regionalismcode != null" >
        REGIONALISMCODE,
      </if>
      <if test="comcitysize != null" >
        COMCITYSIZE,
      </if>
      <if test="servicename != null" >
        SERVICENAME,
      </if>
      <if test="serviceno != null" >
        SERVICENO,
      </if>
      <if test="servicephone != null" >
        SERVICEPHONE,
      </if>
      <if test="servicepostaddress != null" >
        SERVICEPOSTADDRESS,
      </if>
      <if test="comgrade != null" >
        COMGRADE,
      </if>
      <if test="comareatype != null" >
        COMAREATYPE,
      </if>
      <if test="upcomcode != null" >
        UPCOMCODE,
      </if>
      <if test="yearmonth != null" >
        YEARMONTH,
      </if>
      <if test="enddate != null" >
        ENDDATE,
      </if>
      <if test="validflag != null" >
        VALIDFLAG,
      </if>
      <if test="operator != null" >
        OPERATOR,
      </if>
      <if test="makedate != null" >
        MAKEDATE,
      </if>
      <if test="maketime != null" >
        MAKETIME,
      </if>
      <if test="modifydate != null" >
        MODIFYDATE,
      </if>
      <if test="modifytime != null" >
        MODIFYTIME,
      </if>
      <if test="remark != null" >
        REMARK,
      </if>
      <if test="fileremark != null" >
        FILEREMARK,
      </if>
      <if test="comname != null" >
        COMNAME,
      </if>
      <if test="name != null" >
        NAME,
      </if>
    </trim>
    <trim prefix="values (" suffix=")" suffixOverrides="," >
      <if test="comcode != null" >
        #{comcode,jdbcType=VARCHAR},
      </if>
      <if test="outcomcode != null" >
        #{outcomcode,jdbcType=VARCHAR},
      </if>
      <if test="shortname != null" >
        #{shortname,jdbcType=VARCHAR},
      </if>
      <if test="address != null" >
        #{address,jdbcType=VARCHAR},
      </if>
      <if test="zipcode != null" >
        #{zipcode,jdbcType=VARCHAR},
      </if>
      <if test="phone != null" >
        #{phone,jdbcType=VARCHAR},
      </if>
      <if test="fax != null" >
        #{fax,jdbcType=VARCHAR},
      </if>
      <if test="email != null" >
        #{email,jdbcType=VARCHAR},
      </if>
      <if test="webaddress != null" >
        #{webaddress,jdbcType=VARCHAR},
      </if>
      <if test="satrapname != null" >
        #{satrapname,jdbcType=VARCHAR},
      </if>
      <if test="regionalismcode != null" >
        #{regionalismcode,jdbcType=VARCHAR},
      </if>
      <if test="comcitysize != null" >
        #{comcitysize,jdbcType=VARCHAR},
      </if>
      <if test="servicename != null" >
        #{servicename,jdbcType=VARCHAR},
      </if>
      <if test="serviceno != null" >
        #{serviceno,jdbcType=VARCHAR},
      </if>
      <if test="servicephone != null" >
        #{servicephone,jdbcType=VARCHAR},
      </if>
      <if test="servicepostaddress != null" >
        #{servicepostaddress,jdbcType=VARCHAR},
      </if>
      <if test="comgrade != null" >
        #{comgrade,jdbcType=VARCHAR},
      </if>
      <if test="comareatype != null" >
        #{comareatype,jdbcType=VARCHAR},
      </if>
      <if test="upcomcode != null" >
        #{upcomcode,jdbcType=VARCHAR},
      </if>
      <if test="yearmonth != null" >
        #{yearmonth,jdbcType=VARCHAR},
      </if>
      <if test="enddate != null" >
        #{enddate,jdbcType=TIMESTAMP},
      </if>
      <if test="validflag != null" >
        #{validflag,jdbcType=VARCHAR},
      </if>
      <if test="operator != null" >
        #{operator,jdbcType=VARCHAR},
      </if>
      <if test="makedate != null" >
        #{makedate,jdbcType=TIMESTAMP},
      </if>
      <if test="maketime != null" >
        #{maketime,jdbcType=VARCHAR},
      </if>
      <if test="modifydate != null" >
        #{modifydate,jdbcType=TIMESTAMP},
      </if>
      <if test="modifytime != null" >
        #{modifytime,jdbcType=VARCHAR},
      </if>
      <if test="remark != null" >
        #{remark,jdbcType=VARCHAR},
      </if>
      <if test="fileremark != null" >
        #{fileremark,jdbcType=VARCHAR},
      </if>
      <if test="comname != null" >
        #{comname,jdbcType=VARCHAR},
      </if>
      <if test="name != null" >
        #{name,jdbcType=VARCHAR},
      </if>
    </trim>
  </insert>
  <update id="updateByPrimaryKeySelective" parameterType="com.sinosoft.service.business.db.vo.LdcomVo" >
    update LDCOM
    <set >
      <if test="outcomcode != null" >
        OUTCOMCODE = #{outcomcode,jdbcType=VARCHAR},
      </if>
      <if test="shortname != null" >
        SHORTNAME = #{shortname,jdbcType=VARCHAR},
      </if>
      <if test="address != null" >
        ADDRESS = #{address,jdbcType=VARCHAR},
      </if>
      <if test="zipcode != null" >
        ZIPCODE = #{zipcode,jdbcType=VARCHAR},
      </if>
      <if test="phone != null" >
        PHONE = #{phone,jdbcType=VARCHAR},
      </if>
      <if test="fax != null" >
        FAX = #{fax,jdbcType=VARCHAR},
      </if>
      <if test="email != null" >
        EMAIL = #{email,jdbcType=VARCHAR},
      </if>
      <if test="webaddress != null" >
        WEBADDRESS = #{webaddress,jdbcType=VARCHAR},
      </if>
      <if test="satrapname != null" >
        SATRAPNAME = #{satrapname,jdbcType=VARCHAR},
      </if>
      <if test="regionalismcode != null" >
        REGIONALISMCODE = #{regionalismcode,jdbcType=VARCHAR},
      </if>
      <if test="comcitysize != null" >
        COMCITYSIZE = #{comcitysize,jdbcType=VARCHAR},
      </if>
      <if test="servicename != null" >
        SERVICENAME = #{servicename,jdbcType=VARCHAR},
      </if>
      <if test="serviceno != null" >
        SERVICENO = #{serviceno,jdbcType=VARCHAR},
      </if>
      <if test="servicephone != null" >
        SERVICEPHONE = #{servicephone,jdbcType=VARCHAR},
      </if>
      <if test="servicepostaddress != null" >
        SERVICEPOSTADDRESS = #{servicepostaddress,jdbcType=VARCHAR},
      </if>
      <if test="comgrade != null" >
        COMGRADE = #{comgrade,jdbcType=VARCHAR},
      </if>
      <if test="comareatype != null" >
        COMAREATYPE = #{comareatype,jdbcType=VARCHAR},
      </if>
      <if test="upcomcode != null" >
        UPCOMCODE = #{upcomcode,jdbcType=VARCHAR},
      </if>
      <if test="yearmonth != null" >
        YEARMONTH = #{yearmonth,jdbcType=VARCHAR},
      </if>
      <if test="enddate != null" >
        ENDDATE = #{enddate,jdbcType=TIMESTAMP},
      </if>
      <if test="validflag != null" >
        VALIDFLAG = #{validflag,jdbcType=VARCHAR},
      </if>
      <if test="operator != null" >
        OPERATOR = #{operator,jdbcType=VARCHAR},
      </if>
      <if test="makedate != null" >
        MAKEDATE = #{makedate,jdbcType=TIMESTAMP},
      </if>
      <if test="maketime != null" >
        MAKETIME = #{maketime,jdbcType=VARCHAR},
      </if>
      <if test="modifydate != null" >
        MODIFYDATE = #{modifydate,jdbcType=TIMESTAMP},
      </if>
      <if test="modifytime != null" >
        MODIFYTIME = #{modifytime,jdbcType=VARCHAR},
      </if>
      <if test="remark != null" >
        REMARK = #{remark,jdbcType=VARCHAR},
      </if>
      <if test="fileremark != null" >
        FILEREMARK = #{fileremark,jdbcType=VARCHAR},
      </if>
      <if test="comname != null" >
        COMNAME = #{comname,jdbcType=VARCHAR},
      </if>
      <if test="name != null" >
        NAME = #{name,jdbcType=VARCHAR},
      </if>
    </set>
    where COMCODE = #{comcode,jdbcType=VARCHAR}
  </update>
  <update id="updateByPrimaryKey" parameterType="com.sinosoft.service.business.db.vo.LdcomVo" >
    update LDCOM
    set OUTCOMCODE = #{outcomcode,jdbcType=VARCHAR},
      SHORTNAME = #{shortname,jdbcType=VARCHAR},
      ADDRESS = #{address,jdbcType=VARCHAR},
      ZIPCODE = #{zipcode,jdbcType=VARCHAR},
      PHONE = #{phone,jdbcType=VARCHAR},
      FAX = #{fax,jdbcType=VARCHAR},
      EMAIL = #{email,jdbcType=VARCHAR},
      WEBADDRESS = #{webaddress,jdbcType=VARCHAR},
      SATRAPNAME = #{satrapname,jdbcType=VARCHAR},
      REGIONALISMCODE = #{regionalismcode,jdbcType=VARCHAR},
      COMCITYSIZE = #{comcitysize,jdbcType=VARCHAR},
      SERVICENAME = #{servicename,jdbcType=VARCHAR},
      SERVICENO = #{serviceno,jdbcType=VARCHAR},
      SERVICEPHONE = #{servicephone,jdbcType=VARCHAR},
      SERVICEPOSTADDRESS = #{servicepostaddress,jdbcType=VARCHAR},
      COMGRADE = #{comgrade,jdbcType=VARCHAR},
      COMAREATYPE = #{comareatype,jdbcType=VARCHAR},
      UPCOMCODE = #{upcomcode,jdbcType=VARCHAR},
      YEARMONTH = #{yearmonth,jdbcType=VARCHAR},
      ENDDATE = #{enddate,jdbcType=TIMESTAMP},
      VALIDFLAG = #{validflag,jdbcType=VARCHAR},
      OPERATOR = #{operator,jdbcType=VARCHAR},
      MAKEDATE = #{makedate,jdbcType=TIMESTAMP},
      MAKETIME = #{maketime,jdbcType=VARCHAR},
      MODIFYDATE = #{modifydate,jdbcType=TIMESTAMP},
      MODIFYTIME = #{modifytime,jdbcType=VARCHAR},
      REMARK = #{remark,jdbcType=VARCHAR},
      FILEREMARK = #{fileremark,jdbcType=VARCHAR},
      COMNAME = #{comname,jdbcType=VARCHAR},
      NAME = #{name,jdbcType=VARCHAR}
    where COMCODE = #{comcode,jdbcType=VARCHAR}
  </update>
</mapper>