<?xml version="1.0" encoding="UTF-8"?>
<!DOCTYPE mapper PUBLIC "-//mybatis.org//DTD Mapper 3.0//EN" "http://mybatis.org/dtd/mybatis-3-mapper.dtd">
<mapper namespace="com.sinosoft.service.business.db.dao.LdcustomeridDao">

<insert id="addLdcustomerid" parameterType="com.sinosoft.service.business.ui.CustomerID.bean.Ldcustomerid" >
    insert into LDCUSTOMERID
    <trim prefix="(" suffix=")" suffixOverrides="," >
      <if test="id != null" >
        ID,
      </if>
      <if test="customerno != null" >
        CUSTOMERNO,
      </if>
      <if test="ndscustomerno != null" >
        NDSCUSTOMERNO,
      </if>
      <if test="idtype != null" >
        IDTYPE,
      </if>
      <if test="idno != null" >
        IDNO,
      </if>
      <if test="issCountry != null" >
        ISS_COUNTRY,
      </if>
    </trim>
    <trim prefix="values (" suffix=")" suffixOverrides="," >
      <if test="id != null" >
        #{id,jdbcType=VARCHAR},
      </if>
      <if test="customerno != null" >
        #{customerno,jdbcType=VARCHAR},
      </if>
      <if test="ndscustomerno != null" >
        #{ndscustomerno,jdbcType=VARCHAR},
      </if>
      <if test="idtype != null" >
        #{idtype,jdbcType=VARCHAR},
      </if>
      <if test="idno != null" >
        #{idno,jdbcType=VARCHAR},
      </if>
      <if test="issCountry != null" >
        #{issCountry,jdbcType=VARCHAR},
      </if>
    </trim>
  </insert>





</mapper>