<?xml version="1.0" encoding="UTF-8"?>
<!DOCTYPE mapper PUBLIC "-//mybatis.org//DTD Mapper 3.0//EN" "http://mybatis.org/dtd/mybatis-3-mapper.dtd">
<mapper namespace="com.sinosoft.service.business.db.dao.LdcustomerDao">


 <resultMap id="BaseResultMap" type="com.sinosoft.service.business.ui.CustomerID.bean.Ldcustomer" >
    <id column="LDCUSTOMERNO" property="ldcustomerno" jdbcType="VARCHAR" />
    <result column="CIFID" property="cifid" jdbcType="VARCHAR" />
    <result column="FULLNAME" property="fullname" jdbcType="VARCHAR" />
    <result column="FORMERNAME" property="formername" jdbcType="VARCHAR" />
    <result column="IDTYPE" property="idtype" jdbcType="VARCHAR" />
    <result column="IDNUMBER" property="idnumber" jdbcType="VARCHAR" />
    <result column="IDEXPIRY" property="idexpiry" jdbcType="VARCHAR" />
    <result column="AGE" property="age" jdbcType="VARCHAR" />
    <result column="GENDER" property="gender" jdbcType="VARCHAR" />
    <result column="CENSUSREGISTER" property="censusregister" jdbcType="VARCHAR" />
    <result column="MARITALSTATUS" property="maritalstatus" jdbcType="VARCHAR" />
    <result column="CONTACTPHONENO" property="contactphoneno" jdbcType="VARCHAR" />
    <result column="MOBILEPHONENO" property="mobilephoneno" jdbcType="VARCHAR" />
    <result column="CALLBACK" property="callback" jdbcType="VARCHAR" />
  </resultMap>
  <sql id="Example_Where_Clause" >
    <where >
      <foreach collection="oredCriteria" item="criteria" separator="or" >
        <if test="criteria.valid" >
          <trim prefix="(" suffix=")" prefixOverrides="and" >
            <foreach collection="criteria.criteria" item="criterion" >
              <choose >
                <when test="criterion.noValue" >
                  and ${criterion.condition}
                </when>
                <when test="criterion.singleValue" >
                  and ${criterion.condition} #{criterion.value}
                </when>
                <when test="criterion.betweenValue" >
                  and ${criterion.condition} #{criterion.value} and #{criterion.secondValue}
                </when>
                <when test="criterion.listValue" >
                  and ${criterion.condition}
                  <foreach collection="criterion.value" item="listItem" open="(" close=")" separator="," >
                    #{listItem}
                  </foreach>
                </when>
              </choose>
            </foreach>
          </trim>
        </if>
      </foreach>
    </where>
  </sql>
  <sql id="Update_By_Example_Where_Clause" >
    <where >
      <foreach collection="example.oredCriteria" item="criteria" separator="or" >
        <if test="criteria.valid" >
          <trim prefix="(" suffix=")" prefixOverrides="and" >
            <foreach collection="criteria.criteria" item="criterion" >
              <choose >
                <when test="criterion.noValue" >
                  and ${criterion.condition}
                </when>
                <when test="criterion.singleValue" >
                  and ${criterion.condition} #{criterion.value}
                </when>
                <when test="criterion.betweenValue" >
                  and ${criterion.condition} #{criterion.value} and #{criterion.secondValue}
                </when>
                <when test="criterion.listValue" >
                  and ${criterion.condition}
                  <foreach collection="criterion.value" item="listItem" open="(" close=")" separator="," >
                    #{listItem}
                  </foreach>
                </when>
              </choose>
            </foreach>
          </trim>
        </if>
      </foreach>
    </where>
  </sql>
  <sql id="Base_Column_List" >
    LDCUSTOMERNO, CIFID, FULLNAME, FORMERNAME, IDTYPE, IDNUMBER, IDEXPIRY, AGE, GENDER, 
    CENSUSREGISTER, MARITALSTATUS, CONTACTPHONENO, MOBILEPHONENO, CALLBACK
  </sql>
  
  <select id="selectLdcustomer" resultMap="BaseResultMap" parameterType="String" >
    select 
    <include refid="Base_Column_List" />
    from LDCUSTOMER
    where CIFID = #{cifid,jdbcType=VARCHAR}
  </select>
  <delete id="deleteLdcustomer" parameterType="String" >
    delete from LDCUSTOMER
    where CIFID = #{cifid,jdbcType=VARCHAR}
  </delete>
  
 
  <insert id="addLdcustomer" parameterType="com.sinosoft.service.business.ui.CustomerID.bean.Ldcustomer" >
    insert into LDCUSTOMER
    <trim prefix="(" suffix=")" suffixOverrides="," >
      <if test="ldcustomerno != null" >
        LDCUSTOMERNO,
      </if>
      <if test="cifid != null" >
        CIFID,
      </if>
      <if test="fullname != null" >
        FULLNAME,
      </if>
      <if test="formername != null" >
        FORMERNAME,
      </if>
      <if test="idtype != null" >
        IDTYPE,
      </if>
      <if test="idnumber != null" >
        IDNUMBER,
      </if>
      <if test="idexpiry != null" >
        IDEXPIRY,
      </if>
      <if test="age != null" >
        AGE,
      </if>
      <if test="gender != null" >
        GENDER,
      </if>
      <if test="censusregister != null" >
        CENSUSREGISTER,
      </if>
      <if test="maritalstatus != null" >
        MARITALSTATUS,
      </if>
      <if test="contactphoneno != null" >
        CONTACTPHONENO,
      </if>
      <if test="mobilephoneno != null" >
        MOBILEPHONENO,
      </if>
      <if test="callback != null" >
        CALLBACK,
      </if>
    </trim>
    <trim prefix="values (" suffix=")" suffixOverrides="," >
      <if test="ldcustomerno != null" >
        #{ldcustomerno,jdbcType=VARCHAR},
      </if>
      <if test="cifid != null" >
        #{cifid,jdbcType=VARCHAR},
      </if>
      <if test="fullname != null" >
        #{fullname,jdbcType=VARCHAR},
      </if>
      <if test="formername != null" >
        #{formername,jdbcType=VARCHAR},
      </if>
      <if test="idtype != null" >
        #{idtype,jdbcType=VARCHAR},
      </if>
      <if test="idnumber != null" >
        #{idnumber,jdbcType=VARCHAR},
      </if>
      <if test="idexpiry != null" >
        #{idexpiry,jdbcType=VARCHAR},
      </if>
      <if test="age != null" >
        #{age,jdbcType=VARCHAR},
      </if>
      <if test="gender != null" >
        #{gender,jdbcType=VARCHAR},
      </if>
      <if test="censusregister != null" >
        #{censusregister,jdbcType=VARCHAR},
      </if>
      <if test="maritalstatus != null" >
        #{maritalstatus,jdbcType=VARCHAR},
      </if>
      <if test="contactphoneno != null" >
        #{contactphoneno,jdbcType=VARCHAR},
      </if>
      <if test="mobilephoneno != null" >
        #{mobilephoneno,jdbcType=VARCHAR},
      </if>
      <if test="callback != null" >
        #{callback,jdbcType=VARCHAR},
      </if>
    </trim>
  </insert>
  
  
  <update id="updateLdcustomer" parameterType="com.sinosoft.service.business.ui.CustomerID.bean.Ldcustomer" >
    update LDCUSTOMER
    <set >
      <if test="ldcustomerno != null" >
        LDCUSTOMERNO = #{ldcustomerno,jdbcType=VARCHAR}
      </if>
      <if test="fullname != null" >
        FULLNAME = #{fullname,jdbcType=VARCHAR},
      </if>
      <if test="formername != null" >
        FORMERNAME = #{formername,jdbcType=VARCHAR},
      </if>
      <if test="idtype != null" >
        IDTYPE = #{idtype,jdbcType=VARCHAR},
      </if>
      <if test="idnumber != null" >
        IDNUMBER = #{idnumber,jdbcType=VARCHAR},
      </if>
      <if test="idexpiry != null" >
        IDEXPIRY = #{idexpiry,jdbcType=VARCHAR},
      </if>
      <if test="age != null" >
        AGE = #{age,jdbcType=VARCHAR},
      </if>
      <if test="gender != null" >
        GENDER = #{gender,jdbcType=VARCHAR},
      </if>
      <if test="censusregister != null" >
        CENSUSREGISTER = #{censusregister,jdbcType=VARCHAR},
      </if>
      <if test="maritalstatus != null" >
        MARITALSTATUS = #{maritalstatus,jdbcType=VARCHAR},
      </if>
      <if test="contactphoneno != null" >
        CONTACTPHONENO = #{contactphoneno,jdbcType=VARCHAR},
      </if>
      <if test="mobilephoneno != null" >
        MOBILEPHONENO = #{mobilephoneno,jdbcType=VARCHAR},
      </if>
      <if test="callback != null" >
        CALLBACK = #{callback,jdbcType=VARCHAR},
      </if>
    </set>
    where CIFID = #{cifid,jdbcType=VARCHAR}
  </update>
  
  
  
  <select id="selectldcustomerno"  resultType="String">
  	  select SEQ_CUSTOMER.nextval from dual
   </select>
  
</mapper>