<?xml version="1.0" encoding="UTF-8"?>
<!DOCTYPE mapper PUBLIC "-//mybatis.org//DTD Mapper 3.0//EN" "http://mybatis.org/dtd/mybatis-3-mapper.dtd">
<mapper namespace="com.sinosoft.db.dao.SYSUserDao">
  <resultMap id="BaseResultMap" type="com.sinosoft.service.business.db.vo.SYSUserVo">
    <id column="uid" jdbcType="VARCHAR" property="uid" />
    <result column="user_code" jdbcType="VARCHAR" property="userCode" />
    <result column="user_pwd" jdbcType="VARCHAR" property="userPwd" />
    <result column="user_name" jdbcType="VARCHAR" property="userName" />
    <result column="email" jdbcType="VARCHAR" property="email" />
    <result column="tel" jdbcType="VARCHAR" property="tel" />
    <result column="mobile" jdbcType="VARCHAR" property="mobile" />
    <result column="address" jdbcType="VARCHAR" property="address" />
    <result column="status" jdbcType="CHAR" property="status" />
    <result column="eff_start_date" jdbcType="TIMESTAMP" property="effStartDate" />
    <result column="eff_end_date" jdbcType="TIMESTAMP" property="effEndDate" />
    <result column="com_uid" jdbcType="VARCHAR" property="comUid" />
    <result column="version" jdbcType="INTEGER" property="version" />
    <result column="del_flag" jdbcType="CHAR" property="delFlag" />
    <result column="crt_time" jdbcType="TIMESTAMP" property="crtTime" />
    <result column="upd_time" jdbcType="TIMESTAMP" property="updTime" />
  </resultMap>
  <sql id="Base_Column_List">
    uid, user_code, user_pwd, user_name, email, tel, mobile, address, status, eff_start_date, 
    eff_end_date, com_uid, version, del_flag, crt_time, upd_time
  </sql>
  <select id="selectByPrimaryKey" parameterType="java.lang.String" resultMap="BaseResultMap">
    select 
    <include refid="Base_Column_List" />
    from t_sys_user
    where uid = #{uid,jdbcType=VARCHAR}
  </select>
  
  <delete id="deleteByPrimaryKey" parameterType="com.sinosoft.service.business.db.vo.SYSUserVo">
    delete from ldusera
    where emplID = #{emplID,jdbcType=VARCHAR}
  </delete>
  <insert id="insert" parameterType="com.sinosoft.service.business.db.vo.SYSUserVo">
    insert into t_sys_user (uid, user_code, user_pwd, 
      user_name, email, tel, 
      mobile, address, status, 
      eff_start_date, eff_end_date, com_uid, 
      version, del_flag, crt_time, 
      upd_time)
    values (#{uid,jdbcType=VARCHAR}, #{userCode,jdbcType=VARCHAR}, #{userPwd,jdbcType=VARCHAR}, 
      #{userName,jdbcType=VARCHAR}, #{email,jdbcType=VARCHAR}, #{tel,jdbcType=VARCHAR}, 
      #{mobile,jdbcType=VARCHAR}, #{address,jdbcType=VARCHAR}, #{status,jdbcType=CHAR}, 
      #{effStartDate,jdbcType=TIMESTAMP}, #{effEndDate,jdbcType=TIMESTAMP}, #{comUid,jdbcType=VARCHAR}, 
      #{version,jdbcType=INTEGER}, #{delFlag,jdbcType=CHAR}, #{crtTime,jdbcType=TIMESTAMP}, 
      #{updTime,jdbcType=TIMESTAMP})
  </insert>
  <insert id="insertSelective" parameterType="com.sinosoft.service.business.db.vo.SYSUserVo">
    insert into t_sys_user
    <trim prefix="(" suffix=")" suffixOverrides=",">
      <if test="uid != null">
        uid,
      </if>
      <if test="userCode != null">
        user_code,
      </if>
      <if test="userPwd != null">
        user_pwd,
      </if>
      <if test="userName != null">
        user_name,
      </if>
      <if test="email != null">
        email,
      </if>
      <if test="tel != null">
        tel,
      </if>
      <if test="mobile != null">
        mobile,
      </if>
      <if test="address != null">
        address,
      </if>
      <if test="status != null">
        status,
      </if>
      <if test="effStartDate != null">
        eff_start_date,
      </if>
      <if test="effEndDate != null">
        eff_end_date,
      </if>
      <if test="comUid != null">
        com_uid,
      </if>
      <if test="version != null">
        version,
      </if>
      <if test="delFlag != null">
        del_flag,
      </if>
      <if test="crtTime != null">
        crt_time,
      </if>
      <if test="updTime != null">
        upd_time,
      </if>
    </trim>
    <trim prefix="values (" suffix=")" suffixOverrides=",">
      <if test="uid != null">
        #{uid,jdbcType=VARCHAR},
      </if>
      <if test="userCode != null">
        #{userCode,jdbcType=VARCHAR},
      </if>
      <if test="userPwd != null">
        #{userPwd,jdbcType=VARCHAR},
      </if>
      <if test="userName != null">
        #{userName,jdbcType=VARCHAR},
      </if>
      <if test="email != null">
        #{email,jdbcType=VARCHAR},
      </if>
      <if test="tel != null">
        #{tel,jdbcType=VARCHAR},
      </if>
      <if test="mobile != null">
        #{mobile,jdbcType=VARCHAR},
      </if>
      <if test="address != null">
        #{address,jdbcType=VARCHAR},
      </if>
      <if test="status != null">
        #{status,jdbcType=CHAR},
      </if>
      <if test="effStartDate != null">
        #{effStartDate,jdbcType=TIMESTAMP},
      </if>
      <if test="effEndDate != null">
        #{effEndDate,jdbcType=TIMESTAMP},
      </if>
      <if test="comUid != null">
        #{comUid,jdbcType=VARCHAR},
      </if>
      <if test="version != null">
        #{version,jdbcType=INTEGER},
      </if>
      <if test="delFlag != null">
        #{delFlag,jdbcType=CHAR},
      </if>
      <if test="crtTime != null">
        #{crtTime,jdbcType=TIMESTAMP},
      </if>
      <if test="updTime != null">
        #{updTime,jdbcType=TIMESTAMP},
      </if>
    </trim>
  </insert>
  
  <select id="queryUser"  parameterType="com.sinosoft.service.business.db.vo.SYSUserVo" resultType="com.sinosoft.service.business.db.vo.SYSUserVo">
  select * form LDUser
  where  emplID=#{emplID,jdbcType=VARCHAR}
  </select>
  <select id="queryUserA"  parameterType="com.sinosoft.service.business.db.vo.SYSUserVo" resultType="com.sinosoft.service.business.db.vo.SYSUserVo">
  select * form LDUsera
  where  emplID=#{emplID,jdbcType=VARCHAR}
  </select>
  
   <delete id="deleteUser" parameterType="com.sinosoft.service.business.db.vo.SYSUserVo">
   delete from LDUser where emplID=#{emplID,jdbcType=VARCHAR}
   </delete>
      <delete id="deleteUserA" parameterType="com.sinosoft.service.business.db.vo.SYSUserVo">
   delete from LDUsera where emplID=#{emplID,jdbcType=VARCHAR}
   </delete>
   <insert id="insertUser" parameterType="com.sinosoft.service.business.db.vo.SYSUserVo">
  	 insert into LDUser (emplID,department,name,jobCode,companyCode,companyName,location,status,hireDate,rehireDate,
  checkFlag,operator,makeDate,makeTime)
     values 
      (#{emplID,jdbcType=VARCHAR}, #{department,jdbcType=VARCHAR}, #{name,jdbcType=VARCHAR}, 
      #{jobCode,jdbcType=VARCHAR}, #{companyCode,jdbcType=VARCHAR}, #{companyName,jdbcType=VARCHAR}, 
      #{location,jdbcType=VARCHAR}, #{status,jdbcType=VARCHAR}, #{hireDate,jdbcType=VARCHAR}, 
      #{rehireDate,jdbcType=VARCHAR},#{checkFlag,jdbcType=VARCHAR}, #{operator,jdbcType=VARCHAR},#{makeDate,jdbcType=TIMESTAMP}, #{makeTime,jdbcType=VARCHAR})
   </insert>
  <insert id="insertUserB" parameterType="com.sinosoft.service.business.db.vo.SYSUserVo">
  	 insert into LDUserb (emplID,department,name,jobCode,companyCode,companyName,location,status,hireDate,rehireDate,
  checkFlag,operator,makeDate,makeTime)
     values 
      (#{emplID,jdbcType=VARCHAR}, #{department,jdbcType=VARCHAR}, #{name,jdbcType=VARCHAR}, 
      #{jobCode,jdbcType=VARCHAR}, #{companyCode,jdbcType=VARCHAR}, #{companyName,jdbcType=VARCHAR}, 
      #{location,jdbcType=VARCHAR}, #{status,jdbcType=VARCHAR}, #{hireDate,jdbcType=VARCHAR}, 
      #{rehireDate,jdbcType=VARCHAR},#{checkFlag,jdbcType=VARCHAR}, #{operator,jdbcType=VARCHAR},#{makeDate,jdbcType=TIMESTAMP}, #{makeTime,jdbcType=VARCHAR})
   </insert>
  
  <insert id="insertUserA" parameterType="com.sinosoft.service.business.db.vo.SYSUserVo">
  	 insert into LDUsera (emplID,department,name,jobCode,companyCode,companyName,location,status,hireDate,rehireDate,
  checkFlag,operator,makeDate,makeTime)
     values 
      (#{emplID,jdbcType=VARCHAR}, #{department,jdbcType=VARCHAR}, #{name,jdbcType=VARCHAR}, 
      #{jobCode,jdbcType=VARCHAR}, #{companyCode,jdbcType=VARCHAR}, #{companyName,jdbcType=VARCHAR}, 
      #{location,jdbcType=VARCHAR}, #{status,jdbcType=VARCHAR}, #{hireDate,jdbcType=VARCHAR}, 
      #{rehireDate,jdbcType=VARCHAR},#{checkFlag,jdbcType=VARCHAR}, #{operator,jdbcType=VARCHAR},#{makeDate,jdbcType=TIMESTAMP}, #{makeTime,jdbcType=VARCHAR})
  </insert>
    
  
  
  <update id="updateByPrimaryKeySelective" parameterType="com.sinosoft.service.business.db.vo.SYSUserVo">
    update ldusera
    <set>
      <if test="userCode != null">
        user_code = #{userCode,jdbcType=VARCHAR},
      </if>
      <if test="userPwd != null">
        user_pwd = #{userPwd,jdbcType=VARCHAR},
      </if>
      <if test="userName != null">
        user_name = #{userName,jdbcType=VARCHAR},
      </if>
      <if test="email != null">
        email = #{email,jdbcType=VARCHAR},
      </if>
      <if test="tel != null">
        tel = #{tel,jdbcType=VARCHAR},
      </if>
      <if test="mobile != null">
        mobile = #{mobile,jdbcType=VARCHAR},
      </if>
      <if test="address != null">
        address = #{address,jdbcType=VARCHAR},
      </if>
      <if test="status != null">
        status = #{status,jdbcType=CHAR},
      </if>
      <if test="effStartDate != null">
        eff_start_date = #{effStartDate,jdbcType=TIMESTAMP},
      </if>
      <if test="effEndDate != null">
        eff_end_date = #{effEndDate,jdbcType=TIMESTAMP},
      </if>
      <if test="comUid != null">
        com_uid = #{comUid,jdbcType=VARCHAR},
      </if>
      <if test="version != null">
        version = #{version,jdbcType=INTEGER},
      </if>
      <if test="delFlag != null">
        del_flag = #{delFlag,jdbcType=CHAR},
      </if>
      <if test="crtTime != null">
        crt_time = #{crtTime,jdbcType=TIMESTAMP},
      </if>
      <if test="updTime != null">
        upd_time = #{updTime,jdbcType=TIMESTAMP},
      </if>
    </set>
    where uid = #{uid,jdbcType=VARCHAR}
  </update>
  <update id="updateByPrimaryKey" parameterType="com.sinosoft.service.business.db.vo.SYSUserVo">
    update t_sys_user
    set user_code = #{userCode,jdbcType=VARCHAR},
      user_pwd = #{userPwd,jdbcType=VARCHAR},
      user_name = #{userName,jdbcType=VARCHAR},
      email = #{email,jdbcType=VARCHAR},
      tel = #{tel,jdbcType=VARCHAR},
      mobile = #{mobile,jdbcType=VARCHAR},
      address = #{address,jdbcType=VARCHAR},
      status = #{status,jdbcType=CHAR},
      eff_start_date = #{effStartDate,jdbcType=TIMESTAMP},
      eff_end_date = #{effEndDate,jdbcType=TIMESTAMP},
      com_uid = #{comUid,jdbcType=VARCHAR},
      version = #{version,jdbcType=INTEGER},
      del_flag = #{delFlag,jdbcType=CHAR},
      crt_time = #{crtTime,jdbcType=TIMESTAMP},
      upd_time = #{updTime,jdbcType=TIMESTAMP}
    where uid = #{uid,jdbcType=VARCHAR}
  </update>
</mapper>