<?xml version="1.0" encoding="UTF-8"?>
<beas>
	<bea>
		<id>001</id>
		<agentcom>014</agentcom>
		<name>华夏</name>
		<url>http://192.168.8.103:8080/YBT_webService/services/WMSService</url>
		<method>getValue</method>
		<packagePath>http://cxftest.ui.business.service.sinosoft.com/</packagePath>
	</bea>
	<bea>
		<id>002</id>
		<agentcom>015</agentcom>
		<name>阳光</name>
		<url>http://192.168.8.103:8080/YBT_webService/services/WMSService</url>
		<method>getValue1</method>
		<packagePath>http://cxftest.ui.business.service.sinosoft.com/</packagePath>
	</bea>
</beas>