<?xml version="1.0" encoding="UTF-8" ?>
<!DOCTYPE mapper PUBLIC "-//mybatis.org//DTD Mapper 3.0//EN" "http://mybatis.org/dtd/mybatis-3-mapper.dtd" >
<mapper namespace="com.sinosoft.service.business.db.dao.CityVoMapper" >
  <resultMap id="BaseResultMap" type="com.sinosoft.service.business.db.vo.CityVo" >
    <id column="CITYID" property="cityid" jdbcType="DECIMAL" />
    <result column="CITYNAME" property="cityname" jdbcType="VARCHAR" />
    <result column="ZIPCODE" property="zipcode" jdbcType="VARCHAR" />
    <result column="PROVINCEID" property="provinceid" jdbcType="DECIMAL" />
  </resultMap>
  <sql id="Base_Column_List" >
    CITYID, CITYNAME, ZIPCODE, PROVINCEID
  </sql>
  <select id="selectByPrimaryKey" resultMap="BaseResultMap" parameterType="java.math.BigDecimal" >
    select 
    <include refid="Base_Column_List" />
    from CITY
    where CITYID = #{cityid,jdbcType=DECIMAL}
  </select>
  
    <select id="selectCity"  resultMap="BaseResultMap" >
  	  select <include refid="Base_Column_List" /> from city 
   </select>
  
  
  
  
     <select id="selectByCityVo"  resultMap="BaseResultMap" parameterType="java.math.BigDecimal">
  	  select <include refid="Base_Column_List" /> from city  where provinceid=#{provinceid,jdbcType=DECIMAL}
   </select>
  
  <delete id="deleteByPrimaryKey" parameterType="java.math.BigDecimal" >
    delete from CITY
    where CITYID = #{cityid,jdbcType=DECIMAL}
  </delete>
  <insert id="insert" parameterType="com.sinosoft.service.business.db.vo.CityVo" >
    insert into CITY (CITYID, CITYNAME, ZIPCODE, 
      PROVINCEID)
    values (#{cityid,jdbcType=DECIMAL}, #{cityname,jdbcType=VARCHAR}, #{zipcode,jdbcType=VARCHAR}, 
      #{provinceid,jdbcType=DECIMAL})
  </insert>
  <insert id="insertSelective" parameterType="com.sinosoft.service.business.db.vo.CityVo" >
    insert into CITY
    <trim prefix="(" suffix=")" suffixOverrides="," >
      <if test="cityid != null" >
        CITYID,
      </if>
      <if test="cityname != null" >
        CITYNAME,
      </if>
      <if test="zipcode != null" >
        ZIPCODE,
      </if>
      <if test="provinceid != null" >
        PROVINCEID,
      </if>
    </trim>
    <trim prefix="values (" suffix=")" suffixOverrides="," >
      <if test="cityid != null" >
        #{cityid,jdbcType=DECIMAL},
      </if>
      <if test="cityname != null" >
        #{cityname,jdbcType=VARCHAR},
      </if>
      <if test="zipcode != null" >
        #{zipcode,jdbcType=VARCHAR},
      </if>
      <if test="provinceid != null" >
        #{provinceid,jdbcType=DECIMAL},
      </if>
    </trim>
  </insert>
  <update id="updateByPrimaryKeySelective" parameterType="com.sinosoft.service.business.db.vo.CityVo" >
    update CITY
    <set >
      <if test="cityname != null" >
        CITYNAME = #{cityname,jdbcType=VARCHAR},
      </if>
      <if test="zipcode != null" >
        ZIPCODE = #{zipcode,jdbcType=VARCHAR},
      </if>
      <if test="provinceid != null" >
        PROVINCEID = #{provinceid,jdbcType=DECIMAL},
      </if>
    </set>
    where CITYID = #{cityid,jdbcType=DECIMAL}
  </update>
  <update id="updateByPrimaryKey" parameterType="com.sinosoft.service.business.db.vo.CityVo" >
    update CITY
    set CITYNAME = #{cityname,jdbcType=VARCHAR},
      ZIPCODE = #{zipcode,jdbcType=VARCHAR},
      PROVINCEID = #{provinceid,jdbcType=DECIMAL}
    where CITYID = #{cityid,jdbcType=DECIMAL}
  </update>
</mapper>