<?xml version="1.0" encoding="UTF-8" ?>
<!DOCTYPE mapper PUBLIC "-//mybatis.org//DTD Mapper 3.0//EN" "http://mybatis.org/dtd/mybatis-3-mapper.dtd" >
<mapper namespace="com.sinosoft.service.business.db.dao.CountyVoMapper" >
  <resultMap id="BaseResultMap" type="com.sinosoft.service.business.db.vo.CountyVo" >
    <id column="COUNTYID" property="countyid" jdbcType="DECIMAL" />
    <result column="COUNTYNAME" property="countyname" jdbcType="VARCHAR" />
    <result column="CITYID" property="cityid" jdbcType="DECIMAL" />
  </resultMap>
  <sql id="Base_Column_List" >
    COUNTYID, COUNTYNAME, CITYID
  </sql>
  
  
  
    <select id="selectByCountyVo"  resultMap="BaseResultMap" parameterType="java.math.BigDecimal">
  	  select <include refid="Base_Column_List" /> from county   where cityid = #{cityid,jdbcType=DECIMAL}
   </select>
	 <select id="selectCount"  resultMap="BaseResultMap" >
  	  select <include refid="Base_Column_List" /> from county 
   </select>

  <select id="selectByPrimaryKey" resultMap="BaseResultMap" parameterType="java.math.BigDecimal" >
    select 
    <include refid="Base_Column_List" />
    from COUNTY
    where COUNTYID = #{countyid,jdbcType=DECIMAL}
  </select>
  <delete id="deleteByPrimaryKey" parameterType="java.math.BigDecimal" >
    delete from COUNTY
    where COUNTYID = #{countyid,jdbcType=DECIMAL}
  </delete>
  <insert id="insert" parameterType="com.sinosoft.service.business.db.vo.CountyVo" >
    insert into COUNTY (COUNTYID, COUNTYNAME, CITYID
      )
    values (#{countyid,jdbcType=DECIMAL}, #{countyname,jdbcType=VARCHAR}, #{cityid,jdbcType=DECIMAL}
      )
  </insert>
  <insert id="insertSelective" parameterType="com.sinosoft.service.business.db.vo.CountyVo" >
    insert into COUNTY
    <trim prefix="(" suffix=")" suffixOverrides="," >
      <if test="countyid != null" >
        COUNTYID,
      </if>
      <if test="countyname != null" >
        COUNTYNAME,
      </if>
      <if test="cityid != null" >
        CITYID,
      </if>
    </trim>
    <trim prefix="values (" suffix=")" suffixOverrides="," >
      <if test="countyid != null" >
        #{countyid,jdbcType=DECIMAL},
      </if>
      <if test="countyname != null" >
        #{countyname,jdbcType=VARCHAR},
      </if>
      <if test="cityid != null" >
        #{cityid,jdbcType=DECIMAL},
      </if>
    </trim>
  </insert>
  <update id="updateByPrimaryKeySelective" parameterType="com.sinosoft.service.business.db.vo.CountyVo" >
    update COUNTY
    <set >
      <if test="countyname != null" >
        COUNTYNAME = #{countyname,jdbcType=VARCHAR},
      </if>
      <if test="cityid != null" >
        CITYID = #{cityid,jdbcType=DECIMAL},
      </if>
    </set>
    where COUNTYID = #{countyid,jdbcType=DECIMAL}
  </update>
  <update id="updateByPrimaryKey" parameterType="com.sinosoft.service.business.db.vo.CountyVo" >
    update COUNTY
    set COUNTYNAME = #{countyname,jdbcType=VARCHAR},
      CITYID = #{cityid,jdbcType=DECIMAL}
    where COUNTYID = #{countyid,jdbcType=DECIMAL}
  </update>
</mapper>