<?xml version="1.0" encoding="UTF-8"?>
<!DOCTYPE mapper PUBLIC "-//mybatis.org//DTD Mapper 3.0//EN" "http://mybatis.org/dtd/mybatis-3-mapper.dtd">
<mapper namespace="com.sinosoft.service.business.db.dao.externalgiftsDao">
  <resultMap id="BaseResultMap" type="com.sinosoft.service.business.db.vo.externalgiftsVo">
    <result column="staffid" jdbcType="VARCHAR" property="staffid" />
    <result column="licensesCode" jdbcType="VARCHAR" property="licensesCode" />
    <result column="name" jdbcType="VARCHAR" property="name" />
    <result column="preferredFirst" jdbcType="VARCHAR" property="preferredFirst" />
    <result column="licensesCertificationsDescr" jdbcType="VARCHAR" property="licensesCertificationsDescr" />
    <result column="issueDate" jdbcType="DATE" property="issueDate" />
     <result column="expirationDate" jdbcType="DATE" property="expirationDate" />
    <result column="licenseCertificationNo" jdbcType="VARCHAR" property="licenseCertificationNo" />
    <result column="issuedBy" jdbcType="VARCHAR" property="issuedBy" />
    <result column="verified" jdbcType="VARCHAR" property="verified" />
     <result column="renewal" jdbcType="VARCHAR" property="renewal" />
    <result column="country" jdbcType="VARCHAR" property="country" />
    <result column="checkflag" jdbcType="VARCHAR" property="checkflag" />
    <result column="states" jdbcType="VARCHAR" property="states" />
    <result column="makedate" jdbcType="DATE" property="makedate" />
    <result column="maketime" jdbcType="VARCHAR" property="maketime" />
    <result column="modifydate" jdbcType="DATE" property="modifydate" />
    <result column="modifytime" jdbcType="VARCHAR" property="modifytime" />
  </resultMap>
  
  <sql id="Base_Column_List">
   staffid,name,preferredFirst,licensesCode,licensesCertificationsDescr,issueDate,expirationDate,licenseCertificationNo,issuedBy,verified,renewal,country,states,checkflag,makedate,maketime,modifydate,modifytime
  
  </sql>
    <select id="copyexternalgifts" resultMap="BaseResultMap">
  select * from externalgifts
  </select>
  
  <insert id="insert" parameterType="com.sinosoft.service.business.db.vo.externalgiftsVo">
    insert into externalgifts (staffid,name,preferredFirst,licensesCode,licensesCertificationsDescr,issueDate,expirationDate,licenseCertificationNo,
    issuedBy,verified,renewal,country,states,checkflag,makedate,maketime,modifydate,modifytime)
    values (#{staffid,jdbcType=VARCHAR},#{name,jdbcType=VARCHAR}, #{preferredFirst,jdbcType=VARCHAR}, #{licensesCode,jdbcType=VARCHAR}, #{licensesCertificationsDescr,jdbcType=VARCHAR}, #{issueDate,jdbcType=DATE},
    	    #{expirationDate,jdbcType=DATE}, #{licenseCertificationNo,jdbcType=VARCHAR}, 
     	    #{issuedBy,jdbcType=VARCHAR}, #{verified,jdbcType=VARCHAR}, #{renewal,jdbcType=VARCHAR},#{country,jdbcType=VARCHAR}, #{states,jdbcType=VARCHAR}, #{checkflag,jdbcType=VARCHAR},
     	    #{makedate,jdbcType=DATE}, #{maketime,jdbcType=VARCHAR}, 
     	    #{modifydate,jdbcType=DATE}, #{modifytime,jdbcType=VARCHAR})
  </insert>
    <insert id="insertA" parameterType="com.sinosoft.service.business.db.vo.externalgiftsVo">
    insert into externalgiftsa (staffid,name,preferredFirst,licensesCode,licensesCertificationsDescr,issueDate,expirationDate,licenseCertificationNo,
    issuedBy,verified,renewal,country,states,checkflag,makedate,maketime,modifydate,modifytime)
    values (#{staffid,jdbcType=VARCHAR},#{name,jdbcType=VARCHAR}, #{preferredFirst,jdbcType=VARCHAR}, #{licensesCode,jdbcType=VARCHAR}, #{licensesCertificationsDescr,jdbcType=VARCHAR}, #{issueDate,jdbcType=DATE},
    	    #{expirationDate,jdbcType=DATE}, #{licenseCertificationNo,jdbcType=VARCHAR}, 
     	    #{issuedBy,jdbcType=VARCHAR}, #{verified,jdbcType=VARCHAR}, #{renewal,jdbcType=VARCHAR},#{country,jdbcType=VARCHAR}, #{states,jdbcType=VARCHAR}, #{checkflag,jdbcType=VARCHAR},
     	    #{makedate,jdbcType=DATE}, #{maketime,jdbcType=VARCHAR}, 
     	    #{modifydate,jdbcType=DATE}, #{modifytime,jdbcType=VARCHAR})
  </insert>
     <insert id="insertB" parameterType="com.sinosoft.service.business.db.vo.externalgiftsVo">
    insert into externalgiftsb (staffid,name,preferredFirst,licensesCode,licensesCertificationsDescr,issueDate,expirationDate,licenseCertificationNo,
    issuedBy,verified,renewal,country,states,checkflag,makedate,maketime,modifydate,modifytime)
    values (#{staffid,jdbcType=VARCHAR},#{name,jdbcType=VARCHAR}, #{preferredFirst,jdbcType=VARCHAR}, #{licensesCode,jdbcType=VARCHAR}, #{licensesCertificationsDescr,jdbcType=VARCHAR}, #{issueDate,jdbcType=DATE},
    	    #{expirationDate,jdbcType=DATE}, #{licenseCertificationNo,jdbcType=VARCHAR}, 
     	    #{issuedBy,jdbcType=VARCHAR}, #{verified,jdbcType=VARCHAR}, #{renewal,jdbcType=VARCHAR},#{country,jdbcType=VARCHAR}, #{states,jdbcType=VARCHAR}, #{checkflag,jdbcType=VARCHAR},
     	    #{makedate,jdbcType=DATE}, #{maketime,jdbcType=VARCHAR}, 
     	    #{modifydate,jdbcType=DATE}, #{modifytime,jdbcType=VARCHAR})
  </insert>
  
    <select id="QueryByqualifitype" resultMap="BaseResultMap"  parameterType="com.sinosoft.service.business.db.vo.externalgiftsVo">
   select <include refid="Base_Column_List"/> from externalgifts a where 1=1
    <if test="staffid != null">
    and  staffid=#{staffid}
    </if>
    <if test="licensesCode != null">
       and licensesCode=#{licensesCode}
    </if>
   </select>
   
   
 <select id="QueryAlls" resultMap="BaseResultMap"  parameterType="com.sinosoft.service.business.db.vo.externalgiftsVo">
   select <include refid="Base_Column_List"/> from externalgiftsa a where 1=1
    <if test="staffid != null">
    and  staffid=#{staffid}
    </if>
    <if test="licensesCode != null">
       and licensesCode=#{licensesCode}
    </if>
   </select>
     <delete id="deleteexternalgiftsa" parameterType="com.sinosoft.service.business.db.vo.externalgiftsVo">
     delete from externalgiftsa  where staffid=#{staffid} and licensesCode=#{licensesCode}
   </delete> 
   <delete id="deleteexternalgifts" parameterType="com.sinosoft.service.business.db.vo.externalgiftsVo">
     delete from externalgifts  where staffid=#{staffid} and licensesCode=#{licensesCode}
   </delete>
    <select id="selectByemplID" resultType="com.sinosoft.service.business.db.vo.SYSUserVo" parameterType="com.sinosoft.service.business.db.vo.SYSUserVo">
  
   	select emplID from ldusera where 1=1
       <if test="emplID != null"> 
        and emplID = #{emplID,jdbcType=VARCHAR}
       </if>
  
  </select>
  
    <select id="selectBycode" parameterType="com.sinosoft.service.business.db.vo.externalgiftsVo" resultType="com.sinosoft.service.business.db.vo.LaqualiinfoVo">
  	select
	certificatecode
		from laqualiinfo
		where certificatecode = #{licensesCode} 
  </select>
<!--   <update id="update" parameterType="com.sinosoft.service.business.db.vo.externalgiftssVo">
    update externalgifts
    <set>

      <if test="getdate != null">
        GETDATE=#{getdate},
      </if>
      <if test="status != null">
        STATUS=#{status},
      </if>
      <if test="makedate != null">
        MAKEDATE={makedate},
      </if>
      <if test="maketime != null">
        MAKETIME=#{maketime},
      </if>
      <if test="modifydate != null">
        MODIFYDATE=#{modifydate},
      </if>
      <if test="modifytime != null">
        MODIFYTIME=#{modifytime},
      </if>
  
    </set>
    where STAFFID=#{staffid} and CERTIFICATE=#{certificate}
 </update> -->
 
 
  <update id="update" parameterType="com.sinosoft.service.business.db.vo.externalgiftsVo">
    update externalgifts
    <set>
      <if test="getdate != null">
        GETDATE = #{getdate,jdbcType=VARCHAR},
      </if>
      <if test="status != null">
        STATUS = #{status,jdbcType=VARCHAR},
      </if>
      <if test="makedate != null">
        MAKEDATE = #{makedate,jdbcType=DATE},
      </if>
      <if test="maketime != null">
        MAKETIME = #{maketime,jdbcType=VARCHAR},
      </if>
      <if test="modifydate != null">
        MODIFYDATE = #{modifydate,jdbcType=DATE},
      </if>
      <if test="modifytime != null">
        MODIFYTIME = #{modifytime,jdbcType=VARCHAR},
      </if>
    </set>
    where STAFFID = #{staffid,jdbcType=VARCHAR} and CERTIFICATE=#{certificate,jdbcType=VARCHAR}
  </update>
  
 
  
  <insert id="insertSelective" parameterType="com.sinosoft.service.business.db.vo.externalgiftsVo">
    insert into externalgifts
    <trim prefix="(" suffix=")" suffixOverrides=",">
      <if test="staffid != null">
        STAFFID,
      </if>
      <if test="certificate != null">
        CERTIFICATE,
      </if>
      <if test="getdate != null">
        GETDATE,
      </if>
      <if test="status != null">
        STATUS,
      </if>
      <if test="makedate != null">
        MAKEDATE,
      </if>
      <if test="maketime != null">
        MAKETIME,
      </if>
      <if test="modifydate != null">
        MODIFYDATE,
      </if>
      <if test="modifytime != null">
        MODIFYTIME,
      </if>
    </trim>
    <trim prefix="values (" suffix=")" suffixOverrides=",">
      <if test="staffid != null">
        #{staffid,jdbcType=VARCHAR},
      </if>
      <if test="certificate != null">
        #{certificate,jdbcType=VARCHAR},
      </if>
      <if test="getdate != null">
        #{getdate,jdbcType=DATE},
      </if>
      <if test="status != null">
        #{status,jdbcType=VARCHAR},
      </if>
      <if test="makedate != null">
        #{makedate,jdbcType=DATE},
      </if>
      <if test="maketime != null">
        #{maketime,jdbcType=VARCHAR},
      </if>
      <if test="modifydate != null">
        #{modifydate,jdbcType=DATE},
      </if>
      <if test="modifytime != null">
        #{modifytime,jdbcType=VARCHAR},
      </if>
    </trim>
  </insert>
</mapper>