<?xml version="1.0" encoding="UTF-8" ?>
<!DOCTYPE mapper PUBLIC "-//mybatis.org//DTD Mapper 3.0//EN" "http://mybatis.org/dtd/mybatis-3-mapper.dtd" >
<mapper namespace="com.sinosoft.service.business.db.dao.HesitationtobankVoMapper" >
  <resultMap id="BaseResultMap" type="com.sinosoft.service.business.db.vo.HesitationtobankVo" >
     <id column="TRANSNO" property="transno" jdbcType="VARCHAR" />
    <result column="INSURANCECOM" property="insurancecom" jdbcType="VARCHAR" />
    <result column="BANKCODE" property="bankcode" jdbcType="VARCHAR" />
    <result column="TOTALCOUNT" property="totalcount" jdbcType="DECIMAL" />
    <result column="TOTALMONEY" property="totalmoney" jdbcType="DECIMAL" />
    <result column="SUCCMONEY" property="succmoney" jdbcType="DECIMAL" />
    <result column="SUCCCOUNT" property="succcount" jdbcType="DECIMAL" />
    <result column="STATE" property="state" jdbcType="VARCHAR" />
    <result column="MAKEDATE" property="makedate" jdbcType="VARCHAR" />
    <result column="MAKETIME" property="maketime" jdbcType="VARCHAR" />
    <result column="BAK1" property="bak1" jdbcType="VARCHAR" />
    <result column="BAK2" property="bak2" jdbcType="VARCHAR" />
    <result column="BAK3" property="bak3" jdbcType="VARCHAR" />
    <result column="BAK4" property="bak4" jdbcType="VARCHAR" />
    <result column="BAK5" property="bak5" jdbcType="VARCHAR" />
  </resultMap>
  <sql id="Base_Column_List" >
    TRANSNO, INSURANCECOM, BANKCODE, TOTALCOUNT, TOTALMONEY, SUCCMONEY, SUCCCOUNT, STATE, 
    MAKEDATE, MAKETIME, BAK1, BAK2, BAK3, BAK4, BAK5
  </sql>
  <select id="selectByPrimaryKey" resultMap="BaseResultMap" parameterType="java.lang.String" >
    select 
    <include refid="Base_Column_List" />
    from HESITATIONTOBANK
    where TRANSNO = #{transno,jdbcType=VARCHAR}
  </select>
  
  
   <select id="selecttransno" resultType="java.lang.String">
  select HESITATION_TRANSNO.nextval from dual
    
  </select>
  <delete id="deleteByPrimaryKey" parameterType="java.lang.String" >
    delete from HESITATIONTOBANK
    where TRANSNO = #{transno,jdbcType=VARCHAR}
  </delete>
  <insert id="insert" parameterType="com.sinosoft.service.business.db.vo.HesitationtobankVo" >
    insert into HESITATIONTOBANK (TRANSNO, INSURANCECOM, BANKCODE, 
      TOTALCOUNT, TOTALMONEY, SUCCMONEY, 
      SUCCCOUNT, STATE, MAKEDATE, 
      MAKETIME, BAK1, BAK2, 
      BAK3, BAK4, BAK5)
    values (#{transno,jdbcType=VARCHAR}, #{insurancecom,jdbcType=VARCHAR}, #{bankcode,jdbcType=VARCHAR}, 
      #{totalcount,jdbcType=DECIMAL}, #{totalmoney,jdbcType=DECIMAL}, #{succmoney,jdbcType=DECIMAL}, 
      #{succcount,jdbcType=DECIMAL}, #{state,jdbcType=VARCHAR}, #{makedate,jdbcType=VARCHAR}, 
      #{maketime,jdbcType=VARCHAR}, #{bak1,jdbcType=VARCHAR}, #{bak2,jdbcType=VARCHAR}, 
      #{bak3,jdbcType=VARCHAR}, #{bak4,jdbcType=VARCHAR}, #{bak5,jdbcType=VARCHAR})
  </insert>
  
  
  
  
  
  <insert id="insertSelective" parameterType="com.sinosoft.service.business.db.vo.HesitationtobankVo" >
    insert into HESITATIONTOBANK
    <trim prefix="(" suffix=")" suffixOverrides="," >
      <if test="transno != null" >
        TRANSNO,
      </if>
      <if test="insurancecom != null" >
        INSURANCECOM,
      </if>
      <if test="bankcode != null" >
        BANKCODE,
      </if>
      <if test="totalcount != null" >
        TOTALCOUNT,
      </if>
      <if test="totalmoney != null" >
        TOTALMONEY,
      </if>
      <if test="succmoney != null" >
        SUCCMONEY,
      </if>
      <if test="succcount != null" >
        SUCCCOUNT,
      </if>
      <if test="state != null" >
        STATE,
      </if>
      <if test="makedate != null" >
        MAKEDATE,
      </if>
      <if test="maketime != null" >
        MAKETIME,
      </if>
      <if test="bak1 != null" >
        BAK1,
      </if>
      <if test="bak2 != null" >
        BAK2,
      </if>
      <if test="bak3 != null" >
        BAK3,
      </if>
      <if test="bak4 != null" >
        BAK4,
      </if>
      <if test="bak5 != null" >
        BAK5,
      </if>
    </trim>
    <trim prefix="values (" suffix=")" suffixOverrides="," >
      <if test="transno != null" >
        #{transno,jdbcType=VARCHAR},
      </if>
      <if test="insurancecom != null" >
        #{insurancecom,jdbcType=VARCHAR},
      </if>
      <if test="bankcode != null" >
        #{bankcode,jdbcType=VARCHAR},
      </if>
      <if test="totalcount != null" >
        #{totalcount,jdbcType=DECIMAL},
      </if>
      <if test="totalmoney != null" >
        #{totalmoney,jdbcType=DECIMAL},
      </if>
      <if test="succmoney != null" >
        #{succmoney,jdbcType=DECIMAL},
      </if>
      <if test="succcount != null" >
        #{succcount,jdbcType=DECIMAL},
      </if>
      <if test="state != null" >
        #{state,jdbcType=VARCHAR},
      </if>
      <if test="makedate != null" >
        #{makedate,jdbcType=VARCHAR},
      </if>
      <if test="maketime != null" >
        #{maketime,jdbcType=VARCHAR},
      </if>
      <if test="bak1 != null" >
        #{bak1,jdbcType=VARCHAR},
      </if>
      <if test="bak2 != null" >
        #{bak2,jdbcType=VARCHAR},
      </if>
      <if test="bak3 != null" >
        #{bak3,jdbcType=VARCHAR},
      </if>
      <if test="bak4 != null" >
        #{bak4,jdbcType=VARCHAR},
      </if>
      <if test="bak5 != null" >
        #{bak5,jdbcType=VARCHAR},
      </if>
    </trim>
  </insert>
  <update id="updateByPrimaryKeySelective" parameterType="com.sinosoft.service.business.db.vo.HesitationtobankVo" >
    update HESITATIONTOBANK
    <set >
      <if test="insurancecom != null" >
        INSURANCECOM = #{insurancecom,jdbcType=VARCHAR},
      </if>
      <if test="bankcode != null" >
        BANKCODE = #{bankcode,jdbcType=VARCHAR},
      </if>
      <if test="totalcount != null" >
        TOTALCOUNT = #{totalcount,jdbcType=DECIMAL},
      </if>
      <if test="totalmoney != null" >
        TOTALMONEY = #{totalmoney,jdbcType=DECIMAL},
      </if>
      <if test="succmoney != null" >
        SUCCMONEY = #{succmoney,jdbcType=DECIMAL},
      </if>
      <if test="succcount != null" >
        SUCCCOUNT = #{succcount,jdbcType=DECIMAL},
      </if>
      <if test="state != null" >
        STATE = #{state,jdbcType=VARCHAR},
      </if>
      <if test="makedate != null" >
        MAKEDATE = #{makedate,jdbcType=VARCHAR},
      </if>
      <if test="maketime != null" >
        MAKETIME = #{maketime,jdbcType=VARCHAR},
      </if>
      <if test="bak1 != null" >
        BAK1 = #{bak1,jdbcType=VARCHAR},
      </if>
      <if test="bak2 != null" >
        BAK2 = #{bak2,jdbcType=VARCHAR},
      </if>
      <if test="bak3 != null" >
        BAK3 = #{bak3,jdbcType=VARCHAR},
      </if>
      <if test="bak4 != null" >
        BAK4 = #{bak4,jdbcType=VARCHAR},
      </if>
      <if test="bak5 != null" >
        BAK5 = #{bak5,jdbcType=VARCHAR},
      </if>
    </set>
    where TRANSNO = #{transno,jdbcType=VARCHAR}
  </update>
  <update id="updateByPrimaryKey" parameterType="com.sinosoft.service.business.db.vo.HesitationtobankVo" >
    update HESITATIONTOBANK
    set INSURANCECOM = #{insurancecom,jdbcType=VARCHAR},
      BANKCODE = #{bankcode,jdbcType=VARCHAR},
      TOTALCOUNT = #{totalcount,jdbcType=DECIMAL},
      TOTALMONEY = #{totalmoney,jdbcType=DECIMAL},
      SUCCMONEY = #{succmoney,jdbcType=DECIMAL},
      SUCCCOUNT = #{succcount,jdbcType=DECIMAL},
      STATE = #{state,jdbcType=VARCHAR},
      MAKEDATE = #{makedate,jdbcType=VARCHAR},
      MAKETIME = #{maketime,jdbcType=VARCHAR},
      BAK1 = #{bak1,jdbcType=VARCHAR},
      BAK2 = #{bak2,jdbcType=VARCHAR},
      BAK3 = #{bak3,jdbcType=VARCHAR},
      BAK4 = #{bak4,jdbcType=VARCHAR},
      BAK5 = #{bak5,jdbcType=VARCHAR}
    where TRANSNO = #{transno,jdbcType=VARCHAR}
  </update>
</mapper>