<?xml version="1.0" encoding="UTF-8" ?>
<!DOCTYPE mapper PUBLIC "-//mybatis.org//DTD Mapper 3.0//EN" "http://mybatis.org/dtd/mybatis-3-mapper.dtd" >
<mapper namespace="com.sinosoft.service.business.db.dao.lcpolVoMapper" >
  <resultMap id="BaseResultMap" type="com.sinosoft.service.business.db.vo.lcpolVo" >
    <id column="POLNO" property="polno" jdbcType="VARCHAR" />
    <id column="TRANSNO" property="transno" jdbcType="VARCHAR" />
    <result column="GRPCONTNO" property="grpcontno" jdbcType="VARCHAR" />
    <result column="GRPPOLNO" property="grppolno" jdbcType="VARCHAR" />
    <result column="CONTNO" property="contno" jdbcType="VARCHAR" />
    <result column="PROPOSALNO" property="proposalno" jdbcType="VARCHAR" />
    <result column="PRTNO" property="prtno" jdbcType="VARCHAR" />
    <result column="CONTTYPE" property="conttype" jdbcType="VARCHAR" />
    <result column="POLTYPEFLAG" property="poltypeflag" jdbcType="VARCHAR" />
    <result column="MAINPOLNO" property="mainpolno" jdbcType="VARCHAR" />
    <result column="MASTERPOLNO" property="masterpolno" jdbcType="VARCHAR" />
    <result column="KINDCODE" property="kindcode" jdbcType="VARCHAR" />
    <result column="RISKCODE" property="riskcode" jdbcType="VARCHAR" />
    <result column="RISKVERSION" property="riskversion" jdbcType="VARCHAR" />
    <result column="MANAGECOM" property="managecom" jdbcType="VARCHAR" />
    <result column="AGENTCOM" property="agentcom" jdbcType="VARCHAR" />
    <result column="AGENTTYPE" property="agenttype" jdbcType="VARCHAR" />
    <result column="AGENTCODE" property="agentcode" jdbcType="VARCHAR" />
    <result column="AGENTGROUP" property="agentgroup" jdbcType="VARCHAR" />
    <result column="AGENTCODE1" property="agentcode1" jdbcType="VARCHAR" />
    <result column="INSURANCECOM" property="insurancecom" jdbcType="VARCHAR" />
    <result column="INSURANCEMANAGECOM" property="insurancemanagecom" jdbcType="VARCHAR" />
    <result column="SALECHNL" property="salechnl" jdbcType="VARCHAR" />
    <result column="HANDLER" property="handler" jdbcType="VARCHAR" />
    <result column="INSUREDNO" property="insuredno" jdbcType="VARCHAR" />
    <result column="INSUREDNAME" property="insuredname" jdbcType="VARCHAR" />
    <result column="INSUREDSEX" property="insuredsex" jdbcType="VARCHAR" />
    <result column="INSUREDBIRTHDAY" property="insuredbirthday" jdbcType="TIMESTAMP" />
    <result column="INSUREDAPPAGE" property="insuredappage" jdbcType="DECIMAL" />
    <result column="INSUREDPEOPLES" property="insuredpeoples" jdbcType="DECIMAL" />
    <result column="OCCUPATIONTYPE" property="occupationtype" jdbcType="VARCHAR" />
    <result column="APPNTNO" property="appntno" jdbcType="VARCHAR" />
    <result column="APPNTNAME" property="appntname" jdbcType="VARCHAR" />
    <result column="CVALIDATE" property="cvalidate" jdbcType="TIMESTAMP" />
    <result column="SIGNCOM" property="signcom" jdbcType="VARCHAR" />
    <result column="SIGNDATE" property="signdate" jdbcType="TIMESTAMP" />
    <result column="SIGNTIME" property="signtime" jdbcType="VARCHAR" />
    <result column="FIRSTPAYDATE" property="firstpaydate" jdbcType="TIMESTAMP" />
    <result column="PAYENDDATE" property="payenddate" jdbcType="TIMESTAMP" />
    <result column="PAYTODATE" property="paytodate" jdbcType="TIMESTAMP" />
    <result column="GETSTARTDATE" property="getstartdate" jdbcType="TIMESTAMP" />
    <result column="ENDDATE" property="enddate" jdbcType="TIMESTAMP" />
    <result column="ACCIENDDATE" property="accienddate" jdbcType="TIMESTAMP" />
    <result column="GETYEARFLAG" property="getyearflag" jdbcType="VARCHAR" />
    <result column="GETYEAR" property="getyear" jdbcType="DECIMAL" />
    <result column="PAYENDYEARFLAG" property="payendyearflag" jdbcType="VARCHAR" />
    <result column="PAYENDYEAR" property="payendyear" jdbcType="VARCHAR" />
    <result column="INSUYEARFLAG" property="insuyearflag" jdbcType="VARCHAR" />
    <result column="INSUYEAR" property="insuyear" jdbcType="VARCHAR" />
    <result column="ACCIYEARFLAG" property="acciyearflag" jdbcType="VARCHAR" />
    <result column="ACCIYEAR" property="acciyear" jdbcType="DECIMAL" />
    <result column="GETSTARTTYPE" property="getstarttype" jdbcType="VARCHAR" />
    <result column="SPECIFYVALIDATE" property="specifyvalidate" jdbcType="VARCHAR" />
    <result column="PAYMODE" property="paymode" jdbcType="VARCHAR" />
    <result column="PAYLOCATION" property="paylocation" jdbcType="VARCHAR" />
    <result column="PAYINTV" property="payintv" jdbcType="VARCHAR" />
    <result column="PAYYEARS" property="payyears" jdbcType="DECIMAL" />
    <result column="YEARS" property="years" jdbcType="DECIMAL" />
    <result column="MANAGEFEERATE" property="managefeerate" jdbcType="FLOAT" />
    <result column="FLOATRATE" property="floatrate" jdbcType="DECIMAL" />
    <result column="PREMTOAMNT" property="premtoamnt" jdbcType="VARCHAR" />
    <result column="MULT" property="mult" jdbcType="DECIMAL" />
    <result column="STANDPREM" property="standprem" jdbcType="DECIMAL" />
    <result column="PREM" property="prem" jdbcType="DECIMAL" />
    <result column="SUMPREM" property="sumprem" jdbcType="DECIMAL" />
    <result column="AMNT" property="amnt" jdbcType="DECIMAL" />
    <result column="RISKAMNT" property="riskamnt" jdbcType="DECIMAL" />
    <result column="LEAVINGMONEY" property="leavingmoney" jdbcType="DECIMAL" />
    <result column="ENDORSETIMES" property="endorsetimes" jdbcType="DECIMAL" />
    <result column="CLAIMTIMES" property="claimtimes" jdbcType="DECIMAL" />
    <result column="LIVETIMES" property="livetimes" jdbcType="DECIMAL" />
    <result column="RENEWCOUNT" property="renewcount" jdbcType="DECIMAL" />
    <result column="LASTGETDATE" property="lastgetdate" jdbcType="TIMESTAMP" />
    <result column="LASTLOANDATE" property="lastloandate" jdbcType="TIMESTAMP" />
    <result column="LASTREGETDATE" property="lastregetdate" jdbcType="TIMESTAMP" />
    <result column="LASTEDORDATE" property="lastedordate" jdbcType="TIMESTAMP" />
    <result column="LASTREVDATE" property="lastrevdate" jdbcType="TIMESTAMP" />
    <result column="RNEWFLAG" property="rnewflag" jdbcType="VARCHAR" />
    <result column="STOPFLAG" property="stopflag" jdbcType="VARCHAR" />
    <result column="EXPIRYFLAG" property="expiryflag" jdbcType="VARCHAR" />
    <result column="AUTOPAYFLAG" property="autopayflag" jdbcType="VARCHAR" />
    <result column="INTERESTDIFFLAG" property="interestdifflag" jdbcType="VARCHAR" />
    <result column="SUBFLAG" property="subflag" jdbcType="VARCHAR" />
    <result column="BNFFLAG" property="bnfflag" jdbcType="VARCHAR" />
    <result column="HEALTHCHECKFLAG" property="healthcheckflag" jdbcType="VARCHAR" />
    <result column="IMPARTFLAG" property="impartflag" jdbcType="VARCHAR" />
    <result column="REINSUREFLAG" property="reinsureflag" jdbcType="VARCHAR" />
    <result column="AGENTPAYFLAG" property="agentpayflag" jdbcType="VARCHAR" />
    <result column="AGENTGETFLAG" property="agentgetflag" jdbcType="VARCHAR" />
    <result column="LIVEGETMODE" property="livegetmode" jdbcType="VARCHAR" />
    <result column="DEADGETMODE" property="deadgetmode" jdbcType="VARCHAR" />
    <result column="BONUSGETMODE" property="bonusgetmode" jdbcType="VARCHAR" />
    <result column="BONUSMAN" property="bonusman" jdbcType="VARCHAR" />
    <result column="DEADFLAG" property="deadflag" jdbcType="VARCHAR" />
    <result column="SMOKEFLAG" property="smokeflag" jdbcType="VARCHAR" />
    <result column="REMARK" property="remark" jdbcType="VARCHAR" />
    <result column="APPROVEFLAG" property="approveflag" jdbcType="VARCHAR" />
    <result column="APPROVECODE" property="approvecode" jdbcType="VARCHAR" />
    <result column="APPROVEDATE" property="approvedate" jdbcType="TIMESTAMP" />
    <result column="APPROVETIME" property="approvetime" jdbcType="VARCHAR" />
    <result column="UWFLAG" property="uwflag" jdbcType="VARCHAR" />
    <result column="UWCODE" property="uwcode" jdbcType="VARCHAR" />
    <result column="UWDATE" property="uwdate" jdbcType="TIMESTAMP" />
    <result column="UWTIME" property="uwtime" jdbcType="VARCHAR" />
    <result column="POLAPPLYDATE" property="polapplydate" jdbcType="TIMESTAMP" />
    <result column="APPFLAG" property="appflag" jdbcType="VARCHAR" />
    <result column="POLSTATE" property="polstate" jdbcType="VARCHAR" />
    <result column="STANDBYFLAG1" property="standbyflag1" jdbcType="VARCHAR" />
    <result column="STANDBYFLAG2" property="standbyflag2" jdbcType="VARCHAR" />
    <result column="STANDBYFLAG3" property="standbyflag3" jdbcType="VARCHAR" />
    <result column="WAITPERIOD" property="waitperiod" jdbcType="DECIMAL" />
    <result column="GETFORM" property="getform" jdbcType="VARCHAR" />
    <result column="GETBANKCODE" property="getbankcode" jdbcType="VARCHAR" />
    <result column="GETBANKACCNO" property="getbankaccno" jdbcType="VARCHAR" />
    <result column="GETACCNAME" property="getaccname" jdbcType="VARCHAR" />
    <result column="KEEPVALUEOPT" property="keepvalueopt" jdbcType="VARCHAR" />
    <result column="PAYRULECODE" property="payrulecode" jdbcType="VARCHAR" />
    <result column="ASCRIPTIONRULECODE" property="ascriptionrulecode" jdbcType="VARCHAR" />
    <result column="AUTOPUBACCFLAG" property="autopubaccflag" jdbcType="VARCHAR" />
    <result column="ASCRIPTIONFLAG" property="ascriptionflag" jdbcType="VARCHAR" />
    <result column="INVESTRULECODE" property="investrulecode" jdbcType="VARCHAR" />
    <result column="UINTLINKVALIFLAG" property="uintlinkvaliflag" jdbcType="VARCHAR" />
    <result column="OPERATOR" property="operator" jdbcType="VARCHAR" />
    <result column="MAKEDATE" property="makedate" jdbcType="TIMESTAMP" />
    <result column="MAKETIME" property="maketime" jdbcType="VARCHAR" />
    <result column="MODIFYDATE" property="modifydate" jdbcType="TIMESTAMP" />
    <result column="MODIFYTIME" property="modifytime" jdbcType="VARCHAR" />
    <result column="BONUSPAYMODE" property="bonuspaymode" jdbcType="VARCHAR" />
    <result column="GETINTV" property="getintv" jdbcType="VARCHAR" />
    <result column="GETSTARTAGE" property="getstartage" jdbcType="VARCHAR" />
    <result column="GETENDAGE" property="getendage" jdbcType="VARCHAR" />
    <result column="FULLBONUSGETMODE" property="fullbonusgetmode" jdbcType="VARCHAR" />
    <result column="AUTORENEWFLAG" property="autorenewflag" jdbcType="VARCHAR" />
    <result column="SETFLAG" property="setflag" jdbcType="VARCHAR" />
    <result column="SETCYCLEFLAG" property="setcycleflag" jdbcType="VARCHAR" />
    <result column="SETCYCLE" property="setcycle" jdbcType="VARCHAR" />
    <result column="SETNO" property="setno" jdbcType="VARCHAR" />
    <result column="SETMONEY" property="setmoney" jdbcType="VARCHAR" />
    <result column="BAK1" property="bak1" jdbcType="VARCHAR" />
    <result column="BAK2" property="bak2" jdbcType="VARCHAR" />
    <result column="BAK3" property="bak3" jdbcType="VARCHAR" />
    <result column="BAK4" property="bak4" jdbcType="VARCHAR" />
    <result column="BAK5" property="bak5" jdbcType="VARCHAR" />
  </resultMap>
  <sql id="Base_Column_List" >
    POLNO, TRANSNO, GRPCONTNO, GRPPOLNO, CONTNO, PROPOSALNO, PRTNO, CONTTYPE, POLTYPEFLAG, 
    MAINPOLNO, MASTERPOLNO, KINDCODE, RISKCODE, RISKVERSION, MANAGECOM, AGENTCOM, AGENTTYPE, 
    AGENTCODE, AGENTGROUP, AGENTCODE1, INSURANCECOM, INSURANCEMANAGECOM, SALECHNL, HANDLER, 
    INSUREDNO, INSUREDNAME, INSUREDSEX, INSUREDBIRTHDAY, INSUREDAPPAGE, INSUREDPEOPLES, 
    OCCUPATIONTYPE, APPNTNO, APPNTNAME, CVALIDATE, SIGNCOM, SIGNDATE, SIGNTIME, FIRSTPAYDATE, 
    PAYENDDATE, PAYTODATE, GETSTARTDATE, ENDDATE, ACCIENDDATE, GETYEARFLAG, GETYEAR, 
    PAYENDYEARFLAG, PAYENDYEAR, INSUYEARFLAG, INSUYEAR, ACCIYEARFLAG, ACCIYEAR, GETSTARTTYPE, 
    SPECIFYVALIDATE, PAYMODE, PAYLOCATION, PAYINTV, PAYYEARS, YEARS, MANAGEFEERATE, FLOATRATE, 
    PREMTOAMNT, MULT, STANDPREM, PREM, SUMPREM, AMNT, RISKAMNT, LEAVINGMONEY, ENDORSETIMES, 
    CLAIMTIMES, LIVETIMES, RENEWCOUNT, LASTGETDATE, LASTLOANDATE, LASTREGETDATE, LASTEDORDATE, 
    LASTREVDATE, RNEWFLAG, STOPFLAG, EXPIRYFLAG, AUTOPAYFLAG, INTERESTDIFFLAG, SUBFLAG, 
    BNFFLAG, HEALTHCHECKFLAG, IMPARTFLAG, REINSUREFLAG, AGENTPAYFLAG, AGENTGETFLAG, LIVEGETMODE, 
    DEADGETMODE, BONUSGETMODE, BONUSMAN, DEADFLAG, SMOKEFLAG, REMARK, APPROVEFLAG, APPROVECODE, 
    APPROVEDATE, APPROVETIME, UWFLAG, UWCODE, UWDATE, UWTIME, POLAPPLYDATE, APPFLAG, 
    POLSTATE, STANDBYFLAG1, STANDBYFLAG2, STANDBYFLAG3, WAITPERIOD, GETFORM, GETBANKCODE, 
    GETBANKACCNO, GETACCNAME, KEEPVALUEOPT, PAYRULECODE, ASCRIPTIONRULECODE, AUTOPUBACCFLAG, 
    ASCRIPTIONFLAG, INVESTRULECODE, UINTLINKVALIFLAG, OPERATOR, MAKEDATE, MAKETIME, MODIFYDATE, 
    MODIFYTIME, BONUSPAYMODE, GETINTV, GETSTARTAGE, GETENDAGE, FULLBONUSGETMODE, AUTORENEWFLAG, 
    SETFLAG, SETCYCLEFLAG, SETCYCLE, SETNO, SETMONEY, BAK1, BAK2, BAK3, BAK4, BAK5
  </sql>
  <select id="selectByPrimaryKey" resultMap="BaseResultMap" parameterType="com.sinosoft.service.business.db.vo.lcpolVo" >
    select 
    <include refid="Base_Column_List" />
    from LCPOL
    where TRANSNO = #{transno,jdbcType=VARCHAR}
  </select>
  
   <select id="selectPolno"  resultType="String">
  	  select POLNO.nextval from dual
   </select>
  
    
    <select id="selectByLcpol" resultType="com.sinosoft.service.business.db.vo.lcpolVo" parameterType="com.sinosoft.service.business.db.vo.lcpolVo" >
    select 
    <include refid="Base_Column_List" />
    from LCPOL
    where TRANSNO = #{transno,jdbcType=VARCHAR}
    and GRPCONTNO=#{grpcontno,jdbcType=VARCHAR}
  </select>
  
  
  <update id="updateByContNoAndRiskCode">
  	 update LCPOL
    <set >
      <if test="grpcontno != null" >
        GRPCONTNO = #{grpcontno,jdbcType=VARCHAR},
      </if>
      <if test="grppolno != null" >
        GRPPOLNO = #{grppolno,jdbcType=VARCHAR},
      </if>
      <if test="contno != null" >
        CONTNO = #{contno,jdbcType=VARCHAR},
      </if>
      <if test="proposalno != null" >
        PROPOSALNO = #{proposalno,jdbcType=VARCHAR},
      </if>
      <if test="prtno != null" >
        PRTNO = #{prtno,jdbcType=VARCHAR},
      </if>
      <if test="conttype != null" >
        CONTTYPE = #{conttype,jdbcType=VARCHAR},
      </if>
      <if test="poltypeflag != null" >
        POLTYPEFLAG = #{poltypeflag,jdbcType=VARCHAR},
      </if>
      <if test="mainpolno != null" >
        MAINPOLNO = #{mainpolno,jdbcType=VARCHAR},
      </if>
      <if test="masterpolno != null" >
        MASTERPOLNO = #{masterpolno,jdbcType=VARCHAR},
      </if>
      <if test="kindcode != null" >
        KINDCODE = #{kindcode,jdbcType=VARCHAR},
      </if>
      <if test="riskcode != null" >
        RISKCODE = #{riskcode,jdbcType=VARCHAR},
      </if>
      <if test="riskversion != null" >
        RISKVERSION = #{riskversion,jdbcType=VARCHAR},
      </if>
      <if test="managecom != null" >
        MANAGECOM = #{managecom,jdbcType=VARCHAR},
      </if>
      <if test="agentcom != null" >
        AGENTCOM = #{agentcom,jdbcType=VARCHAR},
      </if>
      <if test="agenttype != null" >
        AGENTTYPE = #{agenttype,jdbcType=VARCHAR},
      </if>
      <if test="agentcode != null" >
        AGENTCODE = #{agentcode,jdbcType=VARCHAR},
      </if>
      <if test="agentgroup != null" >
        AGENTGROUP = #{agentgroup,jdbcType=VARCHAR},
      </if>
      <if test="agentcode1 != null" >
        AGENTCODE1 = #{agentcode1,jdbcType=VARCHAR},
      </if>
      <if test="insurancecom != null" >
        INSURANCECOM = #{insurancecom,jdbcType=VARCHAR},
      </if>
      <if test="insurancemanagecom != null" >
        INSURANCEMANAGECOM = #{insurancemanagecom,jdbcType=VARCHAR},
      </if>
      <if test="salechnl != null" >
        SALECHNL = #{salechnl,jdbcType=VARCHAR},
      </if>
      <if test="handler != null" >
        HANDLER = #{handler,jdbcType=VARCHAR},
      </if>
      <if test="insuredno != null" >
        INSUREDNO = #{insuredno,jdbcType=VARCHAR},
      </if>
      <if test="insuredname != null" >
        INSUREDNAME = #{insuredname,jdbcType=VARCHAR},
      </if>
      <if test="insuredsex != null" >
        INSUREDSEX = #{insuredsex,jdbcType=VARCHAR},
      </if>
      <if test="insuredbirthday != null" >
        INSUREDBIRTHDAY = #{insuredbirthday,jdbcType=TIMESTAMP},
      </if>
      <if test="insuredappage != null" >
        INSUREDAPPAGE = #{insuredappage,jdbcType=DECIMAL},
      </if>
      <if test="insuredpeoples != null" >
        INSUREDPEOPLES = #{insuredpeoples,jdbcType=DECIMAL},
      </if>
      <if test="occupationtype != null" >
        OCCUPATIONTYPE = #{occupationtype,jdbcType=VARCHAR},
      </if>
      <if test="appntno != null" >
        APPNTNO = #{appntno,jdbcType=VARCHAR},
      </if>
      <if test="appntname != null" >
        APPNTNAME = #{appntname,jdbcType=VARCHAR},
      </if>
      <if test="cvalidate != null" >
        CVALIDATE = #{cvalidate,jdbcType=TIMESTAMP},
      </if>
      <if test="signcom != null" >
        SIGNCOM = #{signcom,jdbcType=VARCHAR},
      </if>
      <if test="signdate != null" >
        SIGNDATE = #{signdate,jdbcType=TIMESTAMP},
      </if>
      <if test="signtime != null" >
        SIGNTIME = #{signtime,jdbcType=VARCHAR},
      </if>
      <if test="firstpaydate != null" >
        FIRSTPAYDATE = #{firstpaydate,jdbcType=TIMESTAMP},
      </if>
      <if test="payenddate != null" >
        PAYENDDATE = #{payenddate,jdbcType=TIMESTAMP},
      </if>
      <if test="paytodate != null" >
        PAYTODATE = #{paytodate,jdbcType=TIMESTAMP},
      </if>
      <if test="getstartdate != null" >
        GETSTARTDATE = #{getstartdate,jdbcType=TIMESTAMP},
      </if>
      <if test="enddate != null" >
        ENDDATE = #{enddate,jdbcType=TIMESTAMP},
      </if>
      <if test="accienddate != null" >
        ACCIENDDATE = #{accienddate,jdbcType=TIMESTAMP},
      </if>
      <if test="getyearflag != null" >
        GETYEARFLAG = #{getyearflag,jdbcType=VARCHAR},
      </if>
      <if test="getyear != null" >
        GETYEAR = #{getyear,jdbcType=DECIMAL},
      </if>
      <if test="payendyearflag != null" >
        PAYENDYEARFLAG = #{payendyearflag,jdbcType=VARCHAR},
      </if>
      <if test="payendyear != null" >
        PAYENDYEAR = #{payendyear,jdbcType=VARCHAR},
      </if>
      <if test="insuyearflag != null" >
        INSUYEARFLAG = #{insuyearflag,jdbcType=VARCHAR},
      </if>
      <if test="insuyear != null" >
        INSUYEAR = #{insuyear,jdbcType=VARCHAR},
      </if>
      <if test="acciyearflag != null" >
        ACCIYEARFLAG = #{acciyearflag,jdbcType=VARCHAR},
      </if>
      <if test="acciyear != null" >
        ACCIYEAR = #{acciyear,jdbcType=DECIMAL},
      </if>
      <if test="getstarttype != null" >
        GETSTARTTYPE = #{getstarttype,jdbcType=VARCHAR},
      </if>
      <if test="specifyvalidate != null" >
        SPECIFYVALIDATE = #{specifyvalidate,jdbcType=VARCHAR},
      </if>
      <if test="paymode != null" >
        PAYMODE = #{paymode,jdbcType=VARCHAR},
      </if>
      <if test="paylocation != null" >
        PAYLOCATION = #{paylocation,jdbcType=VARCHAR},
      </if>
      <if test="payintv != null" >
        PAYINTV = #{payintv,jdbcType=VARCHAR},
      </if>
      <if test="payyears != null" >
        PAYYEARS = #{payyears,jdbcType=DECIMAL},
      </if>
      <if test="years != null" >
        YEARS = #{years,jdbcType=DECIMAL},
      </if>
      <if test="managefeerate != null" >
        MANAGEFEERATE = #{managefeerate,jdbcType=FLOAT},
      </if>
      <if test="floatrate != null" >
        FLOATRATE = #{floatrate,jdbcType=DECIMAL},
      </if>
      <if test="premtoamnt != null" >
        PREMTOAMNT = #{premtoamnt,jdbcType=VARCHAR},
      </if>
      <if test="mult != null" >
        MULT = #{mult,jdbcType=DECIMAL},
      </if>
      <if test="standprem != null" >
        STANDPREM = #{standprem,jdbcType=DECIMAL},
      </if>
      <if test="prem != null" >
        PREM = #{prem,jdbcType=DECIMAL},
      </if>
      <if test="sumprem != null" >
        SUMPREM = #{sumprem,jdbcType=DECIMAL},
      </if>
      <if test="amnt != null" >
        AMNT = #{amnt,jdbcType=DECIMAL},
      </if>
      <if test="riskamnt != null" >
        RISKAMNT = #{riskamnt,jdbcType=DECIMAL},
      </if>
      <if test="leavingmoney != null" >
        LEAVINGMONEY = #{leavingmoney,jdbcType=DECIMAL},
      </if>
      <if test="endorsetimes != null" >
        ENDORSETIMES = #{endorsetimes,jdbcType=DECIMAL},
      </if>
      <if test="claimtimes != null" >
        CLAIMTIMES = #{claimtimes,jdbcType=DECIMAL},
      </if>
      <if test="livetimes != null" >
        LIVETIMES = #{livetimes,jdbcType=DECIMAL},
      </if>
      <if test="renewcount != null" >
        RENEWCOUNT = #{renewcount,jdbcType=DECIMAL},
      </if>
      <if test="lastgetdate != null" >
        LASTGETDATE = #{lastgetdate,jdbcType=TIMESTAMP},
      </if>
      <if test="lastloandate != null" >
        LASTLOANDATE = #{lastloandate,jdbcType=TIMESTAMP},
      </if>
      <if test="lastregetdate != null" >
        LASTREGETDATE = #{lastregetdate,jdbcType=TIMESTAMP},
      </if>
      <if test="lastedordate != null" >
        LASTEDORDATE = #{lastedordate,jdbcType=TIMESTAMP},
      </if>
      <if test="lastrevdate != null" >
        LASTREVDATE = #{lastrevdate,jdbcType=TIMESTAMP},
      </if>
      <if test="rnewflag != null" >
        RNEWFLAG = #{rnewflag,jdbcType=VARCHAR},
      </if>
      <if test="stopflag != null" >
        STOPFLAG = #{stopflag,jdbcType=VARCHAR},
      </if>
      <if test="expiryflag != null" >
        EXPIRYFLAG = #{expiryflag,jdbcType=VARCHAR},
      </if>
      <if test="autopayflag != null" >
        AUTOPAYFLAG = #{autopayflag,jdbcType=VARCHAR},
      </if>
      <if test="interestdifflag != null" >
        INTERESTDIFFLAG = #{interestdifflag,jdbcType=VARCHAR},
      </if>
      <if test="subflag != null" >
        SUBFLAG = #{subflag,jdbcType=VARCHAR},
      </if>
      <if test="bnfflag != null" >
        BNFFLAG = #{bnfflag,jdbcType=VARCHAR},
      </if>
      <if test="healthcheckflag != null" >
        HEALTHCHECKFLAG = #{healthcheckflag,jdbcType=VARCHAR},
      </if>
      <if test="impartflag != null" >
        IMPARTFLAG = #{impartflag,jdbcType=VARCHAR},
      </if>
      <if test="reinsureflag != null" >
        REINSUREFLAG = #{reinsureflag,jdbcType=VARCHAR},
      </if>
      <if test="agentpayflag != null" >
        AGENTPAYFLAG = #{agentpayflag,jdbcType=VARCHAR},
      </if>
      <if test="agentgetflag != null" >
        AGENTGETFLAG = #{agentgetflag,jdbcType=VARCHAR},
      </if>
      <if test="livegetmode != null" >
        LIVEGETMODE = #{livegetmode,jdbcType=VARCHAR},
      </if>
      <if test="deadgetmode != null" >
        DEADGETMODE = #{deadgetmode,jdbcType=VARCHAR},
      </if>
      <if test="bonusgetmode != null" >
        BONUSGETMODE = #{bonusgetmode,jdbcType=VARCHAR},
      </if>
      <if test="bonusman != null" >
        BONUSMAN = #{bonusman,jdbcType=VARCHAR},
      </if>
      <if test="deadflag != null" >
        DEADFLAG = #{deadflag,jdbcType=VARCHAR},
      </if>
      <if test="smokeflag != null" >
        SMOKEFLAG = #{smokeflag,jdbcType=VARCHAR},
      </if>
      <if test="remark != null" >
        REMARK = #{remark,jdbcType=VARCHAR},
      </if>
      <if test="approveflag != null" >
        APPROVEFLAG = #{approveflag,jdbcType=VARCHAR},
      </if>
      <if test="approvecode != null" >
        APPROVECODE = #{approvecode,jdbcType=VARCHAR},
      </if>
      <if test="approvedate != null" >
        APPROVEDATE = #{approvedate,jdbcType=TIMESTAMP},
      </if>
      <if test="approvetime != null" >
        APPROVETIME = #{approvetime,jdbcType=VARCHAR},
      </if>
      <if test="uwflag != null" >
        UWFLAG = #{uwflag,jdbcType=VARCHAR},
      </if>
      <if test="uwcode != null" >
        UWCODE = #{uwcode,jdbcType=VARCHAR},
      </if>
      <if test="uwdate != null" >
        UWDATE = #{uwdate,jdbcType=TIMESTAMP},
      </if>
      <if test="uwtime != null" >
        UWTIME = #{uwtime,jdbcType=VARCHAR},
      </if>
      <if test="polapplydate != null" >
        POLAPPLYDATE = #{polapplydate,jdbcType=TIMESTAMP},
      </if>
      <if test="appflag != null" >
        APPFLAG = #{appflag,jdbcType=VARCHAR},
      </if>
      <if test="polstate != null" >
        POLSTATE = #{polstate,jdbcType=VARCHAR},
      </if>
      <if test="standbyflag1 != null" >
        STANDBYFLAG1 = #{standbyflag1,jdbcType=VARCHAR},
      </if>
      <if test="standbyflag2 != null" >
        STANDBYFLAG2 = #{standbyflag2,jdbcType=VARCHAR},
      </if>
      <if test="standbyflag3 != null" >
        STANDBYFLAG3 = #{standbyflag3,jdbcType=VARCHAR},
      </if>
      <if test="waitperiod != null" >
        WAITPERIOD = #{waitperiod,jdbcType=DECIMAL},
      </if>
      <if test="getform != null" >
        GETFORM = #{getform,jdbcType=VARCHAR},
      </if>
      <if test="getbankcode != null" >
        GETBANKCODE = #{getbankcode,jdbcType=VARCHAR},
      </if>
      <if test="getbankaccno != null" >
        GETBANKACCNO = #{getbankaccno,jdbcType=VARCHAR},
      </if>
      <if test="getaccname != null" >
        GETACCNAME = #{getaccname,jdbcType=VARCHAR},
      </if>
      <if test="keepvalueopt != null" >
        KEEPVALUEOPT = #{keepvalueopt,jdbcType=VARCHAR},
      </if>
      <if test="payrulecode != null" >
        PAYRULECODE = #{payrulecode,jdbcType=VARCHAR},
      </if>
      <if test="ascriptionrulecode != null" >
        ASCRIPTIONRULECODE = #{ascriptionrulecode,jdbcType=VARCHAR},
      </if>
      <if test="autopubaccflag != null" >
        AUTOPUBACCFLAG = #{autopubaccflag,jdbcType=VARCHAR},
      </if>
      <if test="ascriptionflag != null" >
        ASCRIPTIONFLAG = #{ascriptionflag,jdbcType=VARCHAR},
      </if>
      <if test="investrulecode != null" >
        INVESTRULECODE = #{investrulecode,jdbcType=VARCHAR},
      </if>
      <if test="uintlinkvaliflag != null" >
        UINTLINKVALIFLAG = #{uintlinkvaliflag,jdbcType=VARCHAR},
      </if>
      <if test="operator != null" >
        OPERATOR = #{operator,jdbcType=VARCHAR},
      </if>
      <if test="makedate != null" >
        MAKEDATE = #{makedate,jdbcType=TIMESTAMP},
      </if>
      <if test="maketime != null" >
        MAKETIME = #{maketime,jdbcType=VARCHAR},
      </if>
      <if test="modifydate != null" >
        MODIFYDATE = #{modifydate,jdbcType=TIMESTAMP},
      </if>
      <if test="modifytime != null" >
        MODIFYTIME = #{modifytime,jdbcType=VARCHAR},
      </if>
      <if test="bonuspaymode != null" >
        BONUSPAYMODE = #{bonuspaymode,jdbcType=VARCHAR},
      </if>
      <if test="getintv != null" >
        GETINTV = #{getintv,jdbcType=VARCHAR},
      </if>
      <if test="getstartage != null" >
        GETSTARTAGE = #{getstartage,jdbcType=VARCHAR},
      </if>
      <if test="getendage != null" >
        GETENDAGE = #{getendage,jdbcType=VARCHAR},
      </if>
      <if test="fullbonusgetmode != null" >
        FULLBONUSGETMODE = #{fullbonusgetmode,jdbcType=VARCHAR},
      </if>
      <if test="autorenewflag != null" >
        AUTORENEWFLAG = #{autorenewflag,jdbcType=VARCHAR},
      </if>
      <if test="setflag != null" >
        SETFLAG = #{setflag,jdbcType=VARCHAR},
      </if>
      <if test="setcycleflag != null" >
        SETCYCLEFLAG = #{setcycleflag,jdbcType=VARCHAR},
      </if>
      <if test="setcycle != null" >
        SETCYCLE = #{setcycle,jdbcType=VARCHAR},
      </if>
      <if test="setno != null" >
        SETNO = #{setno,jdbcType=VARCHAR},
      </if>
      <if test="setmoney != null" >
        SETMONEY = #{setmoney,jdbcType=VARCHAR},
      </if>
      <if test="bak1 != null" >
        BAK1 = #{bak1,jdbcType=VARCHAR},
      </if>
      <if test="bak2 != null" >
        BAK2 = #{bak2,jdbcType=VARCHAR},
      </if>
      <if test="bak3 != null" >
        BAK3 = #{bak3,jdbcType=VARCHAR},
      </if>
      <if test="bak4 != null" >
        BAK4 = #{bak4,jdbcType=VARCHAR},
      </if>
      <if test="bak5 != null" >
        BAK5 = #{bak5,jdbcType=VARCHAR},
      </if>
    </set>
  	 where contNo = #{ContNo,jdbcType=VARCHAR} 
     and riskcode = #{riskCode,jdbcType=VARCHAR}
  </update>
  
  
    <select id="selectByContno" resultType="com.sinosoft.service.business.db.vo.lcpolVo" parameterType="String" >
    select 
    <include refid="Base_Column_List" />
    from LCPOL
    where CONTNO=#{contno,jdbcType=VARCHAR}
  </select>
  
  
  
  <delete id="deleteByPrimaryKey" parameterType="String" >
    delete from LCPOL
    where TRANSNO = #{transno,jdbcType=VARCHAR}
  </delete>
  <insert id="insert" parameterType="com.sinosoft.service.business.db.vo.lcpolVo" >
    insert into LCPOL (POLNO, TRANSNO, GRPCONTNO, 
      GRPPOLNO, CONTNO, PROPOSALNO, 
      PRTNO, CONTTYPE, POLTYPEFLAG, 
      MAINPOLNO, MASTERPOLNO, KINDCODE, 
      RISKCODE, RISKVERSION, MANAGECOM, 
      AGENTCOM, AGENTTYPE, AGENTCODE, 
      AGENTGROUP, AGENTCODE1, INSURANCECOM, 
      INSURANCEMANAGECOM, SALECHNL, HANDLER, 
      INSUREDNO, INSUREDNAME, INSUREDSEX, 
      INSUREDBIRTHDAY, INSUREDAPPAGE, INSUREDPEOPLES, 
      OCCUPATIONTYPE, APPNTNO, APPNTNAME, 
      CVALIDATE, SIGNCOM, SIGNDATE, 
      SIGNTIME, FIRSTPAYDATE, PAYENDDATE, 
      PAYTODATE, GETSTARTDATE, ENDDATE, 
      ACCIENDDATE, GETYEARFLAG, GETYEAR, 
      PAYENDYEARFLAG, PAYENDYEAR, INSUYEARFLAG, 
      INSUYEAR, ACCIYEARFLAG, ACCIYEAR, 
      GETSTARTTYPE, SPECIFYVALIDATE, PAYMODE, 
      PAYLOCATION, PAYINTV, PAYYEARS, 
      YEARS, MANAGEFEERATE, FLOATRATE, 
      PREMTOAMNT, MULT, STANDPREM, 
      PREM, SUMPREM, AMNT, 
      RISKAMNT, LEAVINGMONEY, ENDORSETIMES, 
      CLAIMTIMES, LIVETIMES, RENEWCOUNT, 
      LASTGETDATE, LASTLOANDATE, LASTREGETDATE, 
      LASTEDORDATE, LASTREVDATE, RNEWFLAG, 
      STOPFLAG, EXPIRYFLAG, AUTOPAYFLAG, 
      INTERESTDIFFLAG, SUBFLAG, BNFFLAG, 
      HEALTHCHECKFLAG, IMPARTFLAG, REINSUREFLAG, 
      AGENTPAYFLAG, AGENTGETFLAG, LIVEGETMODE, 
      DEADGETMODE, BONUSGETMODE, BONUSMAN, 
      DEADFLAG, SMOKEFLAG, REMARK, 
      APPROVEFLAG, APPROVECODE, APPROVEDATE, 
      APPROVETIME, UWFLAG, UWCODE, 
      UWDATE, UWTIME, POLAPPLYDATE, 
      APPFLAG, POLSTATE, STANDBYFLAG1, 
      STANDBYFLAG2, STANDBYFLAG3, WAITPERIOD, 
      GETFORM, GETBANKCODE, GETBANKACCNO, 
      GETACCNAME, KEEPVALUEOPT, PAYRULECODE, 
      ASCRIPTIONRULECODE, AUTOPUBACCFLAG, ASCRIPTIONFLAG, 
      INVESTRULECODE, UINTLINKVALIFLAG, OPERATOR, 
      MAKEDATE, MAKETIME, MODIFYDATE, 
      MODIFYTIME, BONUSPAYMODE, GETINTV, 
      GETSTARTAGE, GETENDAGE, FULLBONUSGETMODE, 
      AUTORENEWFLAG, SETFLAG, SETCYCLEFLAG, 
      SETCYCLE, SETNO, SETMONEY, 
      BAK1, BAK2, BAK3, BAK4, 
      BAK5)
    values (#{polno,jdbcType=VARCHAR}, #{transno,jdbcType=VARCHAR}, #{grpcontno,jdbcType=VARCHAR}, 
      #{grppolno,jdbcType=VARCHAR}, #{contno,jdbcType=VARCHAR}, #{proposalno,jdbcType=VARCHAR}, 
      #{prtno,jdbcType=VARCHAR}, #{conttype,jdbcType=VARCHAR}, #{poltypeflag,jdbcType=VARCHAR}, 
      #{mainpolno,jdbcType=VARCHAR}, #{masterpolno,jdbcType=VARCHAR}, #{kindcode,jdbcType=VARCHAR}, 
      #{riskcode,jdbcType=VARCHAR}, #{riskversion,jdbcType=VARCHAR}, #{managecom,jdbcType=VARCHAR}, 
      #{agentcom,jdbcType=VARCHAR}, #{agenttype,jdbcType=VARCHAR}, #{agentcode,jdbcType=VARCHAR}, 
      #{agentgroup,jdbcType=VARCHAR}, #{agentcode1,jdbcType=VARCHAR}, #{insurancecom,jdbcType=VARCHAR}, 
      #{insurancemanagecom,jdbcType=VARCHAR}, #{salechnl,jdbcType=VARCHAR}, #{handler,jdbcType=VARCHAR}, 
      #{insuredno,jdbcType=VARCHAR}, #{insuredname,jdbcType=VARCHAR}, #{insuredsex,jdbcType=VARCHAR}, 
      #{insuredbirthday,jdbcType=TIMESTAMP}, #{insuredappage,jdbcType=DECIMAL}, #{insuredpeoples,jdbcType=DECIMAL}, 
      #{occupationtype,jdbcType=VARCHAR}, #{appntno,jdbcType=VARCHAR}, #{appntname,jdbcType=VARCHAR}, 
      #{cvalidate,jdbcType=TIMESTAMP}, #{signcom,jdbcType=VARCHAR}, #{signdate,jdbcType=TIMESTAMP}, 
      #{signtime,jdbcType=VARCHAR}, #{firstpaydate,jdbcType=TIMESTAMP}, #{payenddate,jdbcType=TIMESTAMP}, 
      #{paytodate,jdbcType=TIMESTAMP}, #{getstartdate,jdbcType=TIMESTAMP}, #{enddate,jdbcType=TIMESTAMP}, 
      #{accienddate,jdbcType=TIMESTAMP}, #{getyearflag,jdbcType=VARCHAR}, #{getyear,jdbcType=DECIMAL}, 
      #{payendyearflag,jdbcType=VARCHAR}, #{payendyear,jdbcType=VARCHAR}, #{insuyearflag,jdbcType=VARCHAR}, 
      #{insuyear,jdbcType=VARCHAR}, #{acciyearflag,jdbcType=VARCHAR}, #{acciyear,jdbcType=DECIMAL}, 
      #{getstarttype,jdbcType=VARCHAR}, #{specifyvalidate,jdbcType=VARCHAR}, #{paymode,jdbcType=VARCHAR}, 
      #{paylocation,jdbcType=VARCHAR}, #{payintv,jdbcType=VARCHAR}, #{payyears,jdbcType=DECIMAL}, 
      #{years,jdbcType=DECIMAL}, #{managefeerate,jdbcType=FLOAT}, #{floatrate,jdbcType=DECIMAL}, 
      #{premtoamnt,jdbcType=VARCHAR}, #{mult,jdbcType=DECIMAL}, #{standprem,jdbcType=DECIMAL}, 
      #{prem,jdbcType=DECIMAL}, #{sumprem,jdbcType=DECIMAL}, #{amnt,jdbcType=DECIMAL}, 
      #{riskamnt,jdbcType=DECIMAL}, #{leavingmoney,jdbcType=DECIMAL}, #{endorsetimes,jdbcType=DECIMAL}, 
      #{claimtimes,jdbcType=DECIMAL}, #{livetimes,jdbcType=DECIMAL}, #{renewcount,jdbcType=DECIMAL}, 
      #{lastgetdate,jdbcType=TIMESTAMP}, #{lastloandate,jdbcType=TIMESTAMP}, #{lastregetdate,jdbcType=TIMESTAMP}, 
      #{lastedordate,jdbcType=TIMESTAMP}, #{lastrevdate,jdbcType=TIMESTAMP}, #{rnewflag,jdbcType=VARCHAR}, 
      #{stopflag,jdbcType=VARCHAR}, #{expiryflag,jdbcType=VARCHAR}, #{autopayflag,jdbcType=VARCHAR}, 
      #{interestdifflag,jdbcType=VARCHAR}, #{subflag,jdbcType=VARCHAR}, #{bnfflag,jdbcType=VARCHAR}, 
      #{healthcheckflag,jdbcType=VARCHAR}, #{impartflag,jdbcType=VARCHAR}, #{reinsureflag,jdbcType=VARCHAR}, 
      #{agentpayflag,jdbcType=VARCHAR}, #{agentgetflag,jdbcType=VARCHAR}, #{livegetmode,jdbcType=VARCHAR}, 
      #{deadgetmode,jdbcType=VARCHAR}, #{bonusgetmode,jdbcType=VARCHAR}, #{bonusman,jdbcType=VARCHAR}, 
      #{deadflag,jdbcType=VARCHAR}, #{smokeflag,jdbcType=VARCHAR}, #{remark,jdbcType=VARCHAR}, 
      #{approveflag,jdbcType=VARCHAR}, #{approvecode,jdbcType=VARCHAR}, #{approvedate,jdbcType=TIMESTAMP}, 
      #{approvetime,jdbcType=VARCHAR}, #{uwflag,jdbcType=VARCHAR}, #{uwcode,jdbcType=VARCHAR}, 
      #{uwdate,jdbcType=TIMESTAMP}, #{uwtime,jdbcType=VARCHAR}, #{polapplydate,jdbcType=TIMESTAMP}, 
      #{appflag,jdbcType=VARCHAR}, #{polstate,jdbcType=VARCHAR}, #{standbyflag1,jdbcType=VARCHAR}, 
      #{standbyflag2,jdbcType=VARCHAR}, #{standbyflag3,jdbcType=VARCHAR}, #{waitperiod,jdbcType=DECIMAL}, 
      #{getform,jdbcType=VARCHAR}, #{getbankcode,jdbcType=VARCHAR}, #{getbankaccno,jdbcType=VARCHAR}, 
      #{getaccname,jdbcType=VARCHAR}, #{keepvalueopt,jdbcType=VARCHAR}, #{payrulecode,jdbcType=VARCHAR}, 
      #{ascriptionrulecode,jdbcType=VARCHAR}, #{autopubaccflag,jdbcType=VARCHAR}, #{ascriptionflag,jdbcType=VARCHAR}, 
      #{investrulecode,jdbcType=VARCHAR}, #{uintlinkvaliflag,jdbcType=VARCHAR}, #{operator,jdbcType=VARCHAR}, 
      #{makedate,jdbcType=TIMESTAMP}, #{maketime,jdbcType=VARCHAR}, #{modifydate,jdbcType=TIMESTAMP}, 
      #{modifytime,jdbcType=VARCHAR}, #{bonuspaymode,jdbcType=VARCHAR}, #{getintv,jdbcType=VARCHAR}, 
      #{getstartage,jdbcType=VARCHAR}, #{getendage,jdbcType=VARCHAR}, #{fullbonusgetmode,jdbcType=VARCHAR}, 
      #{autorenewflag,jdbcType=VARCHAR}, #{setflag,jdbcType=VARCHAR}, #{setcycleflag,jdbcType=VARCHAR}, 
      #{setcycle,jdbcType=VARCHAR}, #{setno,jdbcType=VARCHAR}, #{setmoney,jdbcType=VARCHAR}, 
      #{bak1,jdbcType=VARCHAR}, #{bak2,jdbcType=VARCHAR}, #{bak3,jdbcType=VARCHAR}, #{bak4,jdbcType=VARCHAR}, 
      #{bak5,jdbcType=VARCHAR})
  </insert>
  <insert id="insertSelective" parameterType="com.sinosoft.service.business.db.vo.lcpolVo" >
    insert into LCPOL
    <trim prefix="(" suffix=")" suffixOverrides="," >
      <if test="polno != null" >
        POLNO,
      </if>
      <if test="transno != null" >
        TRANSNO,
      </if>
      <if test="grpcontno != null" >
        GRPCONTNO,
      </if>
      <if test="grppolno != null" >
        GRPPOLNO,
      </if>
      <if test="contno != null" >
        CONTNO,
      </if>
      <if test="proposalno != null" >
        PROPOSALNO,
      </if>
      <if test="prtno != null" >
        PRTNO,
      </if>
      <if test="conttype != null" >
        CONTTYPE,
      </if>
      <if test="poltypeflag != null" >
        POLTYPEFLAG,
      </if>
      <if test="mainpolno != null" >
        MAINPOLNO,
      </if>
      <if test="masterpolno != null" >
        MASTERPOLNO,
      </if>
      <if test="kindcode != null" >
        KINDCODE,
      </if>
      <if test="riskcode != null" >
        RISKCODE,
      </if>
      <if test="riskversion != null" >
        RISKVERSION,
      </if>
      <if test="managecom != null" >
        MANAGECOM,
      </if>
      <if test="agentcom != null" >
        AGENTCOM,
      </if>
      <if test="agenttype != null" >
        AGENTTYPE,
      </if>
      <if test="agentcode != null" >
        AGENTCODE,
      </if>
      <if test="agentgroup != null" >
        AGENTGROUP,
      </if>
      <if test="agentcode1 != null" >
        AGENTCODE1,
      </if>
      <if test="insurancecom != null" >
        INSURANCECOM,
      </if>
      <if test="insurancemanagecom != null" >
        INSURANCEMANAGECOM,
      </if>
      <if test="salechnl != null" >
        SALECHNL,
      </if>
      <if test="handler != null" >
        HANDLER,
      </if>
      <if test="insuredno != null" >
        INSUREDNO,
      </if>
      <if test="insuredname != null" >
        INSUREDNAME,
      </if>
      <if test="insuredsex != null" >
        INSUREDSEX,
      </if>
      <if test="insuredbirthday != null" >
        INSUREDBIRTHDAY,
      </if>
      <if test="insuredappage != null" >
        INSUREDAPPAGE,
      </if>
      <if test="insuredpeoples != null" >
        INSUREDPEOPLES,
      </if>
      <if test="occupationtype != null" >
        OCCUPATIONTYPE,
      </if>
      <if test="appntno != null" >
        APPNTNO,
      </if>
      <if test="appntname != null" >
        APPNTNAME,
      </if>
      <if test="cvalidate != null" >
        CVALIDATE,
      </if>
      <if test="signcom != null" >
        SIGNCOM,
      </if>
      <if test="signdate != null" >
        SIGNDATE,
      </if>
      <if test="signtime != null" >
        SIGNTIME,
      </if>
      <if test="firstpaydate != null" >
        FIRSTPAYDATE,
      </if>
      <if test="payenddate != null" >
        PAYENDDATE,
      </if>
      <if test="paytodate != null" >
        PAYTODATE,
      </if>
      <if test="getstartdate != null" >
        GETSTARTDATE,
      </if>
      <if test="enddate != null" >
        ENDDATE,
      </if>
      <if test="accienddate != null" >
        ACCIENDDATE,
      </if>
      <if test="getyearflag != null" >
        GETYEARFLAG,
      </if>
      <if test="getyear != null" >
        GETYEAR,
      </if>
      <if test="payendyearflag != null" >
        PAYENDYEARFLAG,
      </if>
      <if test="payendyear != null" >
        PAYENDYEAR,
      </if>
      <if test="insuyearflag != null" >
        INSUYEARFLAG,
      </if>
      <if test="insuyear != null" >
        INSUYEAR,
      </if>
      <if test="acciyearflag != null" >
        ACCIYEARFLAG,
      </if>
      <if test="acciyear != null" >
        ACCIYEAR,
      </if>
      <if test="getstarttype != null" >
        GETSTARTTYPE,
      </if>
      <if test="specifyvalidate != null" >
        SPECIFYVALIDATE,
      </if>
      <if test="paymode != null" >
        PAYMODE,
      </if>
      <if test="paylocation != null" >
        PAYLOCATION,
      </if>
      <if test="payintv != null" >
        PAYINTV,
      </if>
      <if test="payyears != null" >
        PAYYEARS,
      </if>
      <if test="years != null" >
        YEARS,
      </if>
      <if test="managefeerate != null" >
        MANAGEFEERATE,
      </if>
      <if test="floatrate != null" >
        FLOATRATE,
      </if>
      <if test="premtoamnt != null" >
        PREMTOAMNT,
      </if>
      <if test="mult != null" >
        MULT,
      </if>
      <if test="standprem != null" >
        STANDPREM,
      </if>
      <if test="prem != null" >
        PREM,
      </if>
      <if test="sumprem != null" >
        SUMPREM,
      </if>
      <if test="amnt != null" >
        AMNT,
      </if>
      <if test="riskamnt != null" >
        RISKAMNT,
      </if>
      <if test="leavingmoney != null" >
        LEAVINGMONEY,
      </if>
      <if test="endorsetimes != null" >
        ENDORSETIMES,
      </if>
      <if test="claimtimes != null" >
        CLAIMTIMES,
      </if>
      <if test="livetimes != null" >
        LIVETIMES,
      </if>
      <if test="renewcount != null" >
        RENEWCOUNT,
      </if>
      <if test="lastgetdate != null" >
        LASTGETDATE,
      </if>
      <if test="lastloandate != null" >
        LASTLOANDATE,
      </if>
      <if test="lastregetdate != null" >
        LASTREGETDATE,
      </if>
      <if test="lastedordate != null" >
        LASTEDORDATE,
      </if>
      <if test="lastrevdate != null" >
        LASTREVDATE,
      </if>
      <if test="rnewflag != null" >
        RNEWFLAG,
      </if>
      <if test="stopflag != null" >
        STOPFLAG,
      </if>
      <if test="expiryflag != null" >
        EXPIRYFLAG,
      </if>
      <if test="autopayflag != null" >
        AUTOPAYFLAG,
      </if>
      <if test="interestdifflag != null" >
        INTERESTDIFFLAG,
      </if>
      <if test="subflag != null" >
        SUBFLAG,
      </if>
      <if test="bnfflag != null" >
        BNFFLAG,
      </if>
      <if test="healthcheckflag != null" >
        HEALTHCHECKFLAG,
      </if>
      <if test="impartflag != null" >
        IMPARTFLAG,
      </if>
      <if test="reinsureflag != null" >
        REINSUREFLAG,
      </if>
      <if test="agentpayflag != null" >
        AGENTPAYFLAG,
      </if>
      <if test="agentgetflag != null" >
        AGENTGETFLAG,
      </if>
      <if test="livegetmode != null" >
        LIVEGETMODE,
      </if>
      <if test="deadgetmode != null" >
        DEADGETMODE,
      </if>
      <if test="bonusgetmode != null" >
        BONUSGETMODE,
      </if>
      <if test="bonusman != null" >
        BONUSMAN,
      </if>
      <if test="deadflag != null" >
        DEADFLAG,
      </if>
      <if test="smokeflag != null" >
        SMOKEFLAG,
      </if>
      <if test="remark != null" >
        REMARK,
      </if>
      <if test="approveflag != null" >
        APPROVEFLAG,
      </if>
      <if test="approvecode != null" >
        APPROVECODE,
      </if>
      <if test="approvedate != null" >
        APPROVEDATE,
      </if>
      <if test="approvetime != null" >
        APPROVETIME,
      </if>
      <if test="uwflag != null" >
        UWFLAG,
      </if>
      <if test="uwcode != null" >
        UWCODE,
      </if>
      <if test="uwdate != null" >
        UWDATE,
      </if>
      <if test="uwtime != null" >
        UWTIME,
      </if>
      <if test="polapplydate != null" >
        POLAPPLYDATE,
      </if>
      <if test="appflag != null" >
        APPFLAG,
      </if>
      <if test="polstate != null" >
        POLSTATE,
      </if>
      <if test="standbyflag1 != null" >
        STANDBYFLAG1,
      </if>
      <if test="standbyflag2 != null" >
        STANDBYFLAG2,
      </if>
      <if test="standbyflag3 != null" >
        STANDBYFLAG3,
      </if>
      <if test="waitperiod != null" >
        WAITPERIOD,
      </if>
      <if test="getform != null" >
        GETFORM,
      </if>
      <if test="getbankcode != null" >
        GETBANKCODE,
      </if>
      <if test="getbankaccno != null" >
        GETBANKACCNO,
      </if>
      <if test="getaccname != null" >
        GETACCNAME,
      </if>
      <if test="keepvalueopt != null" >
        KEEPVALUEOPT,
      </if>
      <if test="payrulecode != null" >
        PAYRULECODE,
      </if>
      <if test="ascriptionrulecode != null" >
        ASCRIPTIONRULECODE,
      </if>
      <if test="autopubaccflag != null" >
        AUTOPUBACCFLAG,
      </if>
      <if test="ascriptionflag != null" >
        ASCRIPTIONFLAG,
      </if>
      <if test="investrulecode != null" >
        INVESTRULECODE,
      </if>
      <if test="uintlinkvaliflag != null" >
        UINTLINKVALIFLAG,
      </if>
      <if test="operator != null" >
        OPERATOR,
      </if>
      <if test="makedate != null" >
        MAKEDATE,
      </if>
      <if test="maketime != null" >
        MAKETIME,
      </if>
      <if test="modifydate != null" >
        MODIFYDATE,
      </if>
      <if test="modifytime != null" >
        MODIFYTIME,
      </if>
      <if test="bonuspaymode != null" >
        BONUSPAYMODE,
      </if>
      <if test="getintv != null" >
        GETINTV,
      </if>
      <if test="getstartage != null" >
        GETSTARTAGE,
      </if>
      <if test="getendage != null" >
        GETENDAGE,
      </if>
      <if test="fullbonusgetmode != null" >
        FULLBONUSGETMODE,
      </if>
      <if test="autorenewflag != null" >
        AUTORENEWFLAG,
      </if>
      <if test="setflag != null" >
        SETFLAG,
      </if>
      <if test="setcycleflag != null" >
        SETCYCLEFLAG,
      </if>
      <if test="setcycle != null" >
        SETCYCLE,
      </if>
      <if test="setno != null" >
        SETNO,
      </if>
      <if test="setmoney != null" >
        SETMONEY,
      </if>
      <if test="bak1 != null" >
        BAK1,
      </if>
      <if test="bak2 != null" >
        BAK2,
      </if>
      <if test="bak3 != null" >
        BAK3,
      </if>
      <if test="bak4 != null" >
        BAK4,
      </if>
      <if test="bak5 != null" >
        BAK5,
      </if>
    </trim>
    <trim prefix="values (" suffix=")" suffixOverrides="," >
      <if test="polno != null" >
        #{polno,jdbcType=VARCHAR},
      </if>
      <if test="transno != null" >
        #{transno,jdbcType=VARCHAR},
      </if>
      <if test="grpcontno != null" >
        #{grpcontno,jdbcType=VARCHAR},
      </if>
      <if test="grppolno != null" >
        #{grppolno,jdbcType=VARCHAR},
      </if>
      <if test="contno != null" >
        #{contno,jdbcType=VARCHAR},
      </if>
      <if test="proposalno != null" >
        #{proposalno,jdbcType=VARCHAR},
      </if>
      <if test="prtno != null" >
        #{prtno,jdbcType=VARCHAR},
      </if>
      <if test="conttype != null" >
        #{conttype,jdbcType=VARCHAR},
      </if>
      <if test="poltypeflag != null" >
        #{poltypeflag,jdbcType=VARCHAR},
      </if>
      <if test="mainpolno != null" >
        #{mainpolno,jdbcType=VARCHAR},
      </if>
      <if test="masterpolno != null" >
        #{masterpolno,jdbcType=VARCHAR},
      </if>
      <if test="kindcode != null" >
        #{kindcode,jdbcType=VARCHAR},
      </if>
      <if test="riskcode != null" >
        #{riskcode,jdbcType=VARCHAR},
      </if>
      <if test="riskversion != null" >
        #{riskversion,jdbcType=VARCHAR},
      </if>
      <if test="managecom != null" >
        #{managecom,jdbcType=VARCHAR},
      </if>
      <if test="agentcom != null" >
        #{agentcom,jdbcType=VARCHAR},
      </if>
      <if test="agenttype != null" >
        #{agenttype,jdbcType=VARCHAR},
      </if>
      <if test="agentcode != null" >
        #{agentcode,jdbcType=VARCHAR},
      </if>
      <if test="agentgroup != null" >
        #{agentgroup,jdbcType=VARCHAR},
      </if>
      <if test="agentcode1 != null" >
        #{agentcode1,jdbcType=VARCHAR},
      </if>
      <if test="insurancecom != null" >
        #{insurancecom,jdbcType=VARCHAR},
      </if>
      <if test="insurancemanagecom != null" >
        #{insurancemanagecom,jdbcType=VARCHAR},
      </if>
      <if test="salechnl != null" >
        #{salechnl,jdbcType=VARCHAR},
      </if>
      <if test="handler != null" >
        #{handler,jdbcType=VARCHAR},
      </if>
      <if test="insuredno != null" >
        #{insuredno,jdbcType=VARCHAR},
      </if>
      <if test="insuredname != null" >
        #{insuredname,jdbcType=VARCHAR},
      </if>
      <if test="insuredsex != null" >
        #{insuredsex,jdbcType=VARCHAR},
      </if>
      <if test="insuredbirthday != null" >
        #{insuredbirthday,jdbcType=TIMESTAMP},
      </if>
      <if test="insuredappage != null" >
        #{insuredappage,jdbcType=DECIMAL},
      </if>
      <if test="insuredpeoples != null" >
        #{insuredpeoples,jdbcType=DECIMAL},
      </if>
      <if test="occupationtype != null" >
        #{occupationtype,jdbcType=VARCHAR},
      </if>
      <if test="appntno != null" >
        #{appntno,jdbcType=VARCHAR},
      </if>
      <if test="appntname != null" >
        #{appntname,jdbcType=VARCHAR},
      </if>
      <if test="cvalidate != null" >
        #{cvalidate,jdbcType=TIMESTAMP},
      </if>
      <if test="signcom != null" >
        #{signcom,jdbcType=VARCHAR},
      </if>
      <if test="signdate != null" >
        #{signdate,jdbcType=TIMESTAMP},
      </if>
      <if test="signtime != null" >
        #{signtime,jdbcType=VARCHAR},
      </if>
      <if test="firstpaydate != null" >
        #{firstpaydate,jdbcType=TIMESTAMP},
      </if>
      <if test="payenddate != null" >
        #{payenddate,jdbcType=TIMESTAMP},
      </if>
      <if test="paytodate != null" >
        #{paytodate,jdbcType=TIMESTAMP},
      </if>
      <if test="getstartdate != null" >
        #{getstartdate,jdbcType=TIMESTAMP},
      </if>
      <if test="enddate != null" >
        #{enddate,jdbcType=TIMESTAMP},
      </if>
      <if test="accienddate != null" >
        #{accienddate,jdbcType=TIMESTAMP},
      </if>
      <if test="getyearflag != null" >
        #{getyearflag,jdbcType=VARCHAR},
      </if>
      <if test="getyear != null" >
        #{getyear,jdbcType=DECIMAL},
      </if>
      <if test="payendyearflag != null" >
        #{payendyearflag,jdbcType=VARCHAR},
      </if>
      <if test="payendyear != null" >
        #{payendyear,jdbcType=VARCHAR},
      </if>
      <if test="insuyearflag != null" >
        #{insuyearflag,jdbcType=VARCHAR},
      </if>
      <if test="insuyear != null" >
        #{insuyear,jdbcType=VARCHAR},
      </if>
      <if test="acciyearflag != null" >
        #{acciyearflag,jdbcType=VARCHAR},
      </if>
      <if test="acciyear != null" >
        #{acciyear,jdbcType=DECIMAL},
      </if>
      <if test="getstarttype != null" >
        #{getstarttype,jdbcType=VARCHAR},
      </if>
      <if test="specifyvalidate != null" >
        #{specifyvalidate,jdbcType=VARCHAR},
      </if>
      <if test="paymode != null" >
        #{paymode,jdbcType=VARCHAR},
      </if>
      <if test="paylocation != null" >
        #{paylocation,jdbcType=VARCHAR},
      </if>
      <if test="payintv != null" >
        #{payintv,jdbcType=VARCHAR},
      </if>
      <if test="payyears != null" >
        #{payyears,jdbcType=DECIMAL},
      </if>
      <if test="years != null" >
        #{years,jdbcType=DECIMAL},
      </if>
      <if test="managefeerate != null" >
        #{managefeerate,jdbcType=FLOAT},
      </if>
      <if test="floatrate != null" >
        #{floatrate,jdbcType=DECIMAL},
      </if>
      <if test="premtoamnt != null" >
        #{premtoamnt,jdbcType=VARCHAR},
      </if>
      <if test="mult != null" >
        #{mult,jdbcType=DECIMAL},
      </if>
      <if test="standprem != null" >
        #{standprem,jdbcType=DECIMAL},
      </if>
      <if test="prem != null" >
        #{prem,jdbcType=DECIMAL},
      </if>
      <if test="sumprem != null" >
        #{sumprem,jdbcType=DECIMAL},
      </if>
      <if test="amnt != null" >
        #{amnt,jdbcType=DECIMAL},
      </if>
      <if test="riskamnt != null" >
        #{riskamnt,jdbcType=DECIMAL},
      </if>
      <if test="leavingmoney != null" >
        #{leavingmoney,jdbcType=DECIMAL},
      </if>
      <if test="endorsetimes != null" >
        #{endorsetimes,jdbcType=DECIMAL},
      </if>
      <if test="claimtimes != null" >
        #{claimtimes,jdbcType=DECIMAL},
      </if>
      <if test="livetimes != null" >
        #{livetimes,jdbcType=DECIMAL},
      </if>
      <if test="renewcount != null" >
        #{renewcount,jdbcType=DECIMAL},
      </if>
      <if test="lastgetdate != null" >
        #{lastgetdate,jdbcType=TIMESTAMP},
      </if>
      <if test="lastloandate != null" >
        #{lastloandate,jdbcType=TIMESTAMP},
      </if>
      <if test="lastregetdate != null" >
        #{lastregetdate,jdbcType=TIMESTAMP},
      </if>
      <if test="lastedordate != null" >
        #{lastedordate,jdbcType=TIMESTAMP},
      </if>
      <if test="lastrevdate != null" >
        #{lastrevdate,jdbcType=TIMESTAMP},
      </if>
      <if test="rnewflag != null" >
        #{rnewflag,jdbcType=VARCHAR},
      </if>
      <if test="stopflag != null" >
        #{stopflag,jdbcType=VARCHAR},
      </if>
      <if test="expiryflag != null" >
        #{expiryflag,jdbcType=VARCHAR},
      </if>
      <if test="autopayflag != null" >
        #{autopayflag,jdbcType=VARCHAR},
      </if>
      <if test="interestdifflag != null" >
        #{interestdifflag,jdbcType=VARCHAR},
      </if>
      <if test="subflag != null" >
        #{subflag,jdbcType=VARCHAR},
      </if>
      <if test="bnfflag != null" >
        #{bnfflag,jdbcType=VARCHAR},
      </if>
      <if test="healthcheckflag != null" >
        #{healthcheckflag,jdbcType=VARCHAR},
      </if>
      <if test="impartflag != null" >
        #{impartflag,jdbcType=VARCHAR},
      </if>
      <if test="reinsureflag != null" >
        #{reinsureflag,jdbcType=VARCHAR},
      </if>
      <if test="agentpayflag != null" >
        #{agentpayflag,jdbcType=VARCHAR},
      </if>
      <if test="agentgetflag != null" >
        #{agentgetflag,jdbcType=VARCHAR},
      </if>
      <if test="livegetmode != null" >
        #{livegetmode,jdbcType=VARCHAR},
      </if>
      <if test="deadgetmode != null" >
        #{deadgetmode,jdbcType=VARCHAR},
      </if>
      <if test="bonusgetmode != null" >
        #{bonusgetmode,jdbcType=VARCHAR},
      </if>
      <if test="bonusman != null" >
        #{bonusman,jdbcType=VARCHAR},
      </if>
      <if test="deadflag != null" >
        #{deadflag,jdbcType=VARCHAR},
      </if>
      <if test="smokeflag != null" >
        #{smokeflag,jdbcType=VARCHAR},
      </if>
      <if test="remark != null" >
        #{remark,jdbcType=VARCHAR},
      </if>
      <if test="approveflag != null" >
        #{approveflag,jdbcType=VARCHAR},
      </if>
      <if test="approvecode != null" >
        #{approvecode,jdbcType=VARCHAR},
      </if>
      <if test="approvedate != null" >
        #{approvedate,jdbcType=TIMESTAMP},
      </if>
      <if test="approvetime != null" >
        #{approvetime,jdbcType=VARCHAR},
      </if>
      <if test="uwflag != null" >
        #{uwflag,jdbcType=VARCHAR},
      </if>
      <if test="uwcode != null" >
        #{uwcode,jdbcType=VARCHAR},
      </if>
      <if test="uwdate != null" >
        #{uwdate,jdbcType=TIMESTAMP},
      </if>
      <if test="uwtime != null" >
        #{uwtime,jdbcType=VARCHAR},
      </if>
      <if test="polapplydate != null" >
        #{polapplydate,jdbcType=TIMESTAMP},
      </if>
      <if test="appflag != null" >
        #{appflag,jdbcType=VARCHAR},
      </if>
      <if test="polstate != null" >
        #{polstate,jdbcType=VARCHAR},
      </if>
      <if test="standbyflag1 != null" >
        #{standbyflag1,jdbcType=VARCHAR},
      </if>
      <if test="standbyflag2 != null" >
        #{standbyflag2,jdbcType=VARCHAR},
      </if>
      <if test="standbyflag3 != null" >
        #{standbyflag3,jdbcType=VARCHAR},
      </if>
      <if test="waitperiod != null" >
        #{waitperiod,jdbcType=DECIMAL},
      </if>
      <if test="getform != null" >
        #{getform,jdbcType=VARCHAR},
      </if>
      <if test="getbankcode != null" >
        #{getbankcode,jdbcType=VARCHAR},
      </if>
      <if test="getbankaccno != null" >
        #{getbankaccno,jdbcType=VARCHAR},
      </if>
      <if test="getaccname != null" >
        #{getaccname,jdbcType=VARCHAR},
      </if>
      <if test="keepvalueopt != null" >
        #{keepvalueopt,jdbcType=VARCHAR},
      </if>
      <if test="payrulecode != null" >
        #{payrulecode,jdbcType=VARCHAR},
      </if>
      <if test="ascriptionrulecode != null" >
        #{ascriptionrulecode,jdbcType=VARCHAR},
      </if>
      <if test="autopubaccflag != null" >
        #{autopubaccflag,jdbcType=VARCHAR},
      </if>
      <if test="ascriptionflag != null" >
        #{ascriptionflag,jdbcType=VARCHAR},
      </if>
      <if test="investrulecode != null" >
        #{investrulecode,jdbcType=VARCHAR},
      </if>
      <if test="uintlinkvaliflag != null" >
        #{uintlinkvaliflag,jdbcType=VARCHAR},
      </if>
      <if test="operator != null" >
        #{operator,jdbcType=VARCHAR},
      </if>
      <if test="makedate != null" >
        #{makedate,jdbcType=TIMESTAMP},
      </if>
      <if test="maketime != null" >
        #{maketime,jdbcType=VARCHAR},
      </if>
      <if test="modifydate != null" >
        #{modifydate,jdbcType=TIMESTAMP},
      </if>
      <if test="modifytime != null" >
        #{modifytime,jdbcType=VARCHAR},
      </if>
      <if test="bonuspaymode != null" >
        #{bonuspaymode,jdbcType=VARCHAR},
      </if>
      <if test="getintv != null" >
        #{getintv,jdbcType=VARCHAR},
      </if>
      <if test="getstartage != null" >
        #{getstartage,jdbcType=VARCHAR},
      </if>
      <if test="getendage != null" >
        #{getendage,jdbcType=VARCHAR},
      </if>
      <if test="fullbonusgetmode != null" >
        #{fullbonusgetmode,jdbcType=VARCHAR},
      </if>
      <if test="autorenewflag != null" >
        #{autorenewflag,jdbcType=VARCHAR},
      </if>
      <if test="setflag != null" >
        #{setflag,jdbcType=VARCHAR},
      </if>
      <if test="setcycleflag != null" >
        #{setcycleflag,jdbcType=VARCHAR},
      </if>
      <if test="setcycle != null" >
        #{setcycle,jdbcType=VARCHAR},
      </if>
      <if test="setno != null" >
        #{setno,jdbcType=VARCHAR},
      </if>
      <if test="setmoney != null" >
        #{setmoney,jdbcType=VARCHAR},
      </if>
      <if test="bak1 != null" >
        #{bak1,jdbcType=VARCHAR},
      </if>
      <if test="bak2 != null" >
        #{bak2,jdbcType=VARCHAR},
      </if>
      <if test="bak3 != null" >
        #{bak3,jdbcType=VARCHAR},
      </if>
      <if test="bak4 != null" >
        #{bak4,jdbcType=VARCHAR},
      </if>
      <if test="bak5 != null" >
        #{bak5,jdbcType=VARCHAR},
      </if>
    </trim>
  </insert>
  <update id="updateByPrimaryKeySelective" parameterType="com.sinosoft.service.business.db.vo.lcpolVo" >
    update LCPOL
    <set >
      <if test="grpcontno != null" >
        GRPCONTNO = #{grpcontno,jdbcType=VARCHAR},
      </if>
      <if test="grppolno != null" >
        GRPPOLNO = #{grppolno,jdbcType=VARCHAR},
      </if>
      <if test="contno != null" >
        CONTNO = #{contno,jdbcType=VARCHAR},
      </if>
      <if test="proposalno != null" >
        PROPOSALNO = #{proposalno,jdbcType=VARCHAR},
      </if>
      <if test="prtno != null" >
        PRTNO = #{prtno,jdbcType=VARCHAR},
      </if>
      <if test="conttype != null" >
        CONTTYPE = #{conttype,jdbcType=VARCHAR},
      </if>
      <if test="poltypeflag != null" >
        POLTYPEFLAG = #{poltypeflag,jdbcType=VARCHAR},
      </if>
      <if test="mainpolno != null" >
        MAINPOLNO = #{mainpolno,jdbcType=VARCHAR},
      </if>
      <if test="masterpolno != null" >
        MASTERPOLNO = #{masterpolno,jdbcType=VARCHAR},
      </if>
      <if test="kindcode != null" >
        KINDCODE = #{kindcode,jdbcType=VARCHAR},
      </if>
      <if test="riskcode != null" >
        RISKCODE = #{riskcode,jdbcType=VARCHAR},
      </if>
      <if test="riskversion != null" >
        RISKVERSION = #{riskversion,jdbcType=VARCHAR},
      </if>
      <if test="managecom != null" >
        MANAGECOM = #{managecom,jdbcType=VARCHAR},
      </if>
      <if test="agentcom != null" >
        AGENTCOM = #{agentcom,jdbcType=VARCHAR},
      </if>
      <if test="agenttype != null" >
        AGENTTYPE = #{agenttype,jdbcType=VARCHAR},
      </if>
      <if test="agentcode != null" >
        AGENTCODE = #{agentcode,jdbcType=VARCHAR},
      </if>
      <if test="agentgroup != null" >
        AGENTGROUP = #{agentgroup,jdbcType=VARCHAR},
      </if>
      <if test="agentcode1 != null" >
        AGENTCODE1 = #{agentcode1,jdbcType=VARCHAR},
      </if>
      <if test="insurancecom != null" >
        INSURANCECOM = #{insurancecom,jdbcType=VARCHAR},
      </if>
      <if test="insurancemanagecom != null" >
        INSURANCEMANAGECOM = #{insurancemanagecom,jdbcType=VARCHAR},
      </if>
      <if test="salechnl != null" >
        SALECHNL = #{salechnl,jdbcType=VARCHAR},
      </if>
      <if test="handler != null" >
        HANDLER = #{handler,jdbcType=VARCHAR},
      </if>
      <if test="insuredno != null" >
        INSUREDNO = #{insuredno,jdbcType=VARCHAR},
      </if>
      <if test="insuredname != null" >
        INSUREDNAME = #{insuredname,jdbcType=VARCHAR},
      </if>
      <if test="insuredsex != null" >
        INSUREDSEX = #{insuredsex,jdbcType=VARCHAR},
      </if>
      <if test="insuredbirthday != null" >
        INSUREDBIRTHDAY = #{insuredbirthday,jdbcType=TIMESTAMP},
      </if>
      <if test="insuredappage != null" >
        INSUREDAPPAGE = #{insuredappage,jdbcType=DECIMAL},
      </if>
      <if test="insuredpeoples != null" >
        INSUREDPEOPLES = #{insuredpeoples,jdbcType=DECIMAL},
      </if>
      <if test="occupationtype != null" >
        OCCUPATIONTYPE = #{occupationtype,jdbcType=VARCHAR},
      </if>
      <if test="appntno != null" >
        APPNTNO = #{appntno,jdbcType=VARCHAR},
      </if>
      <if test="appntname != null" >
        APPNTNAME = #{appntname,jdbcType=VARCHAR},
      </if>
      <if test="cvalidate != null" >
        CVALIDATE = #{cvalidate,jdbcType=TIMESTAMP},
      </if>
      <if test="signcom != null" >
        SIGNCOM = #{signcom,jdbcType=VARCHAR},
      </if>
      <if test="signdate != null" >
        SIGNDATE = #{signdate,jdbcType=TIMESTAMP},
      </if>
      <if test="signtime != null" >
        SIGNTIME = #{signtime,jdbcType=VARCHAR},
      </if>
      <if test="firstpaydate != null" >
        FIRSTPAYDATE = #{firstpaydate,jdbcType=TIMESTAMP},
      </if>
      <if test="payenddate != null" >
        PAYENDDATE = #{payenddate,jdbcType=TIMESTAMP},
      </if>
      <if test="paytodate != null" >
        PAYTODATE = #{paytodate,jdbcType=TIMESTAMP},
      </if>
      <if test="getstartdate != null" >
        GETSTARTDATE = #{getstartdate,jdbcType=TIMESTAMP},
      </if>
      <if test="enddate != null" >
        ENDDATE = #{enddate,jdbcType=TIMESTAMP},
      </if>
      <if test="accienddate != null" >
        ACCIENDDATE = #{accienddate,jdbcType=TIMESTAMP},
      </if>
      <if test="getyearflag != null" >
        GETYEARFLAG = #{getyearflag,jdbcType=VARCHAR},
      </if>
      <if test="getyear != null" >
        GETYEAR = #{getyear,jdbcType=DECIMAL},
      </if>
      <if test="payendyearflag != null" >
        PAYENDYEARFLAG = #{payendyearflag,jdbcType=VARCHAR},
      </if>
      <if test="payendyear != null" >
        PAYENDYEAR = #{payendyear,jdbcType=VARCHAR},
      </if>
      <if test="insuyearflag != null" >
        INSUYEARFLAG = #{insuyearflag,jdbcType=VARCHAR},
      </if>
      <if test="insuyear != null" >
        INSUYEAR = #{insuyear,jdbcType=VARCHAR},
      </if>
      <if test="acciyearflag != null" >
        ACCIYEARFLAG = #{acciyearflag,jdbcType=VARCHAR},
      </if>
      <if test="acciyear != null" >
        ACCIYEAR = #{acciyear,jdbcType=DECIMAL},
      </if>
      <if test="getstarttype != null" >
        GETSTARTTYPE = #{getstarttype,jdbcType=VARCHAR},
      </if>
      <if test="specifyvalidate != null" >
        SPECIFYVALIDATE = #{specifyvalidate,jdbcType=VARCHAR},
      </if>
      <if test="paymode != null" >
        PAYMODE = #{paymode,jdbcType=VARCHAR},
      </if>
      <if test="paylocation != null" >
        PAYLOCATION = #{paylocation,jdbcType=VARCHAR},
      </if>
      <if test="payintv != null" >
        PAYINTV = #{payintv,jdbcType=VARCHAR},
      </if>
      <if test="payyears != null" >
        PAYYEARS = #{payyears,jdbcType=DECIMAL},
      </if>
      <if test="years != null" >
        YEARS = #{years,jdbcType=DECIMAL},
      </if>
      <if test="managefeerate != null" >
        MANAGEFEERATE = #{managefeerate,jdbcType=FLOAT},
      </if>
      <if test="floatrate != null" >
        FLOATRATE = #{floatrate,jdbcType=DECIMAL},
      </if>
      <if test="premtoamnt != null" >
        PREMTOAMNT = #{premtoamnt,jdbcType=VARCHAR},
      </if>
      <if test="mult != null" >
        MULT = #{mult,jdbcType=DECIMAL},
      </if>
      <if test="standprem != null" >
        STANDPREM = #{standprem,jdbcType=DECIMAL},
      </if>
      <if test="prem != null" >
        PREM = #{prem,jdbcType=DECIMAL},
      </if>
      <if test="sumprem != null" >
        SUMPREM = #{sumprem,jdbcType=DECIMAL},
      </if>
      <if test="amnt != null" >
        AMNT = #{amnt,jdbcType=DECIMAL},
      </if>
      <if test="riskamnt != null" >
        RISKAMNT = #{riskamnt,jdbcType=DECIMAL},
      </if>
      <if test="leavingmoney != null" >
        LEAVINGMONEY = #{leavingmoney,jdbcType=DECIMAL},
      </if>
      <if test="endorsetimes != null" >
        ENDORSETIMES = #{endorsetimes,jdbcType=DECIMAL},
      </if>
      <if test="claimtimes != null" >
        CLAIMTIMES = #{claimtimes,jdbcType=DECIMAL},
      </if>
      <if test="livetimes != null" >
        LIVETIMES = #{livetimes,jdbcType=DECIMAL},
      </if>
      <if test="renewcount != null" >
        RENEWCOUNT = #{renewcount,jdbcType=DECIMAL},
      </if>
      <if test="lastgetdate != null" >
        LASTGETDATE = #{lastgetdate,jdbcType=TIMESTAMP},
      </if>
      <if test="lastloandate != null" >
        LASTLOANDATE = #{lastloandate,jdbcType=TIMESTAMP},
      </if>
      <if test="lastregetdate != null" >
        LASTREGETDATE = #{lastregetdate,jdbcType=TIMESTAMP},
      </if>
      <if test="lastedordate != null" >
        LASTEDORDATE = #{lastedordate,jdbcType=TIMESTAMP},
      </if>
      <if test="lastrevdate != null" >
        LASTREVDATE = #{lastrevdate,jdbcType=TIMESTAMP},
      </if>
      <if test="rnewflag != null" >
        RNEWFLAG = #{rnewflag,jdbcType=VARCHAR},
      </if>
      <if test="stopflag != null" >
        STOPFLAG = #{stopflag,jdbcType=VARCHAR},
      </if>
      <if test="expiryflag != null" >
        EXPIRYFLAG = #{expiryflag,jdbcType=VARCHAR},
      </if>
      <if test="autopayflag != null" >
        AUTOPAYFLAG = #{autopayflag,jdbcType=VARCHAR},
      </if>
      <if test="interestdifflag != null" >
        INTERESTDIFFLAG = #{interestdifflag,jdbcType=VARCHAR},
      </if>
      <if test="subflag != null" >
        SUBFLAG = #{subflag,jdbcType=VARCHAR},
      </if>
      <if test="bnfflag != null" >
        BNFFLAG = #{bnfflag,jdbcType=VARCHAR},
      </if>
      <if test="healthcheckflag != null" >
        HEALTHCHECKFLAG = #{healthcheckflag,jdbcType=VARCHAR},
      </if>
      <if test="impartflag != null" >
        IMPARTFLAG = #{impartflag,jdbcType=VARCHAR},
      </if>
      <if test="reinsureflag != null" >
        REINSUREFLAG = #{reinsureflag,jdbcType=VARCHAR},
      </if>
      <if test="agentpayflag != null" >
        AGENTPAYFLAG = #{agentpayflag,jdbcType=VARCHAR},
      </if>
      <if test="agentgetflag != null" >
        AGENTGETFLAG = #{agentgetflag,jdbcType=VARCHAR},
      </if>
      <if test="livegetmode != null" >
        LIVEGETMODE = #{livegetmode,jdbcType=VARCHAR},
      </if>
      <if test="deadgetmode != null" >
        DEADGETMODE = #{deadgetmode,jdbcType=VARCHAR},
      </if>
      <if test="bonusgetmode != null" >
        BONUSGETMODE = #{bonusgetmode,jdbcType=VARCHAR},
      </if>
      <if test="bonusman != null" >
        BONUSMAN = #{bonusman,jdbcType=VARCHAR},
      </if>
      <if test="deadflag != null" >
        DEADFLAG = #{deadflag,jdbcType=VARCHAR},
      </if>
      <if test="smokeflag != null" >
        SMOKEFLAG = #{smokeflag,jdbcType=VARCHAR},
      </if>
      <if test="remark != null" >
        REMARK = #{remark,jdbcType=VARCHAR},
      </if>
      <if test="approveflag != null" >
        APPROVEFLAG = #{approveflag,jdbcType=VARCHAR},
      </if>
      <if test="approvecode != null" >
        APPROVECODE = #{approvecode,jdbcType=VARCHAR},
      </if>
      <if test="approvedate != null" >
        APPROVEDATE = #{approvedate,jdbcType=TIMESTAMP},
      </if>
      <if test="approvetime != null" >
        APPROVETIME = #{approvetime,jdbcType=VARCHAR},
      </if>
      <if test="uwflag != null" >
        UWFLAG = #{uwflag,jdbcType=VARCHAR},
      </if>
      <if test="uwcode != null" >
        UWCODE = #{uwcode,jdbcType=VARCHAR},
      </if>
      <if test="uwdate != null" >
        UWDATE = #{uwdate,jdbcType=TIMESTAMP},
      </if>
      <if test="uwtime != null" >
        UWTIME = #{uwtime,jdbcType=VARCHAR},
      </if>
      <if test="polapplydate != null" >
        POLAPPLYDATE = #{polapplydate,jdbcType=TIMESTAMP},
      </if>
      <if test="appflag != null" >
        APPFLAG = #{appflag,jdbcType=VARCHAR},
      </if>
      <if test="polstate != null" >
        POLSTATE = #{polstate,jdbcType=VARCHAR},
      </if>
      <if test="standbyflag1 != null" >
        STANDBYFLAG1 = #{standbyflag1,jdbcType=VARCHAR},
      </if>
      <if test="standbyflag2 != null" >
        STANDBYFLAG2 = #{standbyflag2,jdbcType=VARCHAR},
      </if>
      <if test="standbyflag3 != null" >
        STANDBYFLAG3 = #{standbyflag3,jdbcType=VARCHAR},
      </if>
      <if test="waitperiod != null" >
        WAITPERIOD = #{waitperiod,jdbcType=DECIMAL},
      </if>
      <if test="getform != null" >
        GETFORM = #{getform,jdbcType=VARCHAR},
      </if>
      <if test="getbankcode != null" >
        GETBANKCODE = #{getbankcode,jdbcType=VARCHAR},
      </if>
      <if test="getbankaccno != null" >
        GETBANKACCNO = #{getbankaccno,jdbcType=VARCHAR},
      </if>
      <if test="getaccname != null" >
        GETACCNAME = #{getaccname,jdbcType=VARCHAR},
      </if>
      <if test="keepvalueopt != null" >
        KEEPVALUEOPT = #{keepvalueopt,jdbcType=VARCHAR},
      </if>
      <if test="payrulecode != null" >
        PAYRULECODE = #{payrulecode,jdbcType=VARCHAR},
      </if>
      <if test="ascriptionrulecode != null" >
        ASCRIPTIONRULECODE = #{ascriptionrulecode,jdbcType=VARCHAR},
      </if>
      <if test="autopubaccflag != null" >
        AUTOPUBACCFLAG = #{autopubaccflag,jdbcType=VARCHAR},
      </if>
      <if test="ascriptionflag != null" >
        ASCRIPTIONFLAG = #{ascriptionflag,jdbcType=VARCHAR},
      </if>
      <if test="investrulecode != null" >
        INVESTRULECODE = #{investrulecode,jdbcType=VARCHAR},
      </if>
      <if test="uintlinkvaliflag != null" >
        UINTLINKVALIFLAG = #{uintlinkvaliflag,jdbcType=VARCHAR},
      </if>
      <if test="operator != null" >
        OPERATOR = #{operator,jdbcType=VARCHAR},
      </if>
      <if test="makedate != null" >
        MAKEDATE = #{makedate,jdbcType=TIMESTAMP},
      </if>
      <if test="maketime != null" >
        MAKETIME = #{maketime,jdbcType=VARCHAR},
      </if>
      <if test="modifydate != null" >
        MODIFYDATE = #{modifydate,jdbcType=TIMESTAMP},
      </if>
      <if test="modifytime != null" >
        MODIFYTIME = #{modifytime,jdbcType=VARCHAR},
      </if>
      <if test="bonuspaymode != null" >
        BONUSPAYMODE = #{bonuspaymode,jdbcType=VARCHAR},
      </if>
      <if test="getintv != null" >
        GETINTV = #{getintv,jdbcType=VARCHAR},
      </if>
      <if test="getstartage != null" >
        GETSTARTAGE = #{getstartage,jdbcType=VARCHAR},
      </if>
      <if test="getendage != null" >
        GETENDAGE = #{getendage,jdbcType=VARCHAR},
      </if>
      <if test="fullbonusgetmode != null" >
        FULLBONUSGETMODE = #{fullbonusgetmode,jdbcType=VARCHAR},
      </if>
      <if test="autorenewflag != null" >
        AUTORENEWFLAG = #{autorenewflag,jdbcType=VARCHAR},
      </if>
      <if test="setflag != null" >
        SETFLAG = #{setflag,jdbcType=VARCHAR},
      </if>
      <if test="setcycleflag != null" >
        SETCYCLEFLAG = #{setcycleflag,jdbcType=VARCHAR},
      </if>
      <if test="setcycle != null" >
        SETCYCLE = #{setcycle,jdbcType=VARCHAR},
      </if>
      <if test="setno != null" >
        SETNO = #{setno,jdbcType=VARCHAR},
      </if>
      <if test="setmoney != null" >
        SETMONEY = #{setmoney,jdbcType=VARCHAR},
      </if>
      <if test="bak1 != null" >
        BAK1 = #{bak1,jdbcType=VARCHAR},
      </if>
      <if test="bak2 != null" >
        BAK2 = #{bak2,jdbcType=VARCHAR},
      </if>
      <if test="bak3 != null" >
        BAK3 = #{bak3,jdbcType=VARCHAR},
      </if>
      <if test="bak4 != null" >
        BAK4 = #{bak4,jdbcType=VARCHAR},
      </if>
      <if test="bak5 != null" >
        BAK5 = #{bak5,jdbcType=VARCHAR},
      </if>
    </set>
    where POLNO = #{polno,jdbcType=VARCHAR}
      and TRANSNO = #{transno,jdbcType=VARCHAR}
  </update>
  <update id="updateByPrimaryKey" parameterType="com.sinosoft.service.business.db.vo.lcpolVo" >
    update LCPOL
    set GRPCONTNO = #{grpcontno,jdbcType=VARCHAR},
      GRPPOLNO = #{grppolno,jdbcType=VARCHAR},
      CONTNO = #{contno,jdbcType=VARCHAR},
      PROPOSALNO = #{proposalno,jdbcType=VARCHAR},
      PRTNO = #{prtno,jdbcType=VARCHAR},
      CONTTYPE = #{conttype,jdbcType=VARCHAR},
      POLTYPEFLAG = #{poltypeflag,jdbcType=VARCHAR},
      MAINPOLNO = #{mainpolno,jdbcType=VARCHAR},
      MASTERPOLNO = #{masterpolno,jdbcType=VARCHAR},
      KINDCODE = #{kindcode,jdbcType=VARCHAR},
      RISKCODE = #{riskcode,jdbcType=VARCHAR},
      RISKVERSION = #{riskversion,jdbcType=VARCHAR},
      MANAGECOM = #{managecom,jdbcType=VARCHAR},
      AGENTCOM = #{agentcom,jdbcType=VARCHAR},
      AGENTTYPE = #{agenttype,jdbcType=VARCHAR},
      AGENTCODE = #{agentcode,jdbcType=VARCHAR},
      AGENTGROUP = #{agentgroup,jdbcType=VARCHAR},
      AGENTCODE1 = #{agentcode1,jdbcType=VARCHAR},
      INSURANCECOM = #{insurancecom,jdbcType=VARCHAR},
      INSURANCEMANAGECOM = #{insurancemanagecom,jdbcType=VARCHAR},
      SALECHNL = #{salechnl,jdbcType=VARCHAR},
      HANDLER = #{handler,jdbcType=VARCHAR},
      INSUREDNO = #{insuredno,jdbcType=VARCHAR},
      INSUREDNAME = #{insuredname,jdbcType=VARCHAR},
      INSUREDSEX = #{insuredsex,jdbcType=VARCHAR},
      INSUREDBIRTHDAY = #{insuredbirthday,jdbcType=TIMESTAMP},
      INSUREDAPPAGE = #{insuredappage,jdbcType=DECIMAL},
      INSUREDPEOPLES = #{insuredpeoples,jdbcType=DECIMAL},
      OCCUPATIONTYPE = #{occupationtype,jdbcType=VARCHAR},
      APPNTNO = #{appntno,jdbcType=VARCHAR},
      APPNTNAME = #{appntname,jdbcType=VARCHAR},
      CVALIDATE = #{cvalidate,jdbcType=TIMESTAMP},
      SIGNCOM = #{signcom,jdbcType=VARCHAR},
      SIGNDATE = #{signdate,jdbcType=TIMESTAMP},
      SIGNTIME = #{signtime,jdbcType=VARCHAR},
      FIRSTPAYDATE = #{firstpaydate,jdbcType=TIMESTAMP},
      PAYENDDATE = #{payenddate,jdbcType=TIMESTAMP},
      PAYTODATE = #{paytodate,jdbcType=TIMESTAMP},
      GETSTARTDATE = #{getstartdate,jdbcType=TIMESTAMP},
      ENDDATE = #{enddate,jdbcType=TIMESTAMP},
      ACCIENDDATE = #{accienddate,jdbcType=TIMESTAMP},
      GETYEARFLAG = #{getyearflag,jdbcType=VARCHAR},
      GETYEAR = #{getyear,jdbcType=DECIMAL},
      PAYENDYEARFLAG = #{payendyearflag,jdbcType=VARCHAR},
      PAYENDYEAR = #{payendyear,jdbcType=VARCHAR},
      INSUYEARFLAG = #{insuyearflag,jdbcType=VARCHAR},
      INSUYEAR = #{insuyear,jdbcType=VARCHAR},
      ACCIYEARFLAG = #{acciyearflag,jdbcType=VARCHAR},
      ACCIYEAR = #{acciyear,jdbcType=DECIMAL},
      GETSTARTTYPE = #{getstarttype,jdbcType=VARCHAR},
      SPECIFYVALIDATE = #{specifyvalidate,jdbcType=VARCHAR},
      PAYMODE = #{paymode,jdbcType=VARCHAR},
      PAYLOCATION = #{paylocation,jdbcType=VARCHAR},
      PAYINTV = #{payintv,jdbcType=VARCHAR},
      PAYYEARS = #{payyears,jdbcType=DECIMAL},
      YEARS = #{years,jdbcType=DECIMAL},
      MANAGEFEERATE = #{managefeerate,jdbcType=FLOAT},
      FLOATRATE = #{floatrate,jdbcType=DECIMAL},
      PREMTOAMNT = #{premtoamnt,jdbcType=VARCHAR},
      MULT = #{mult,jdbcType=DECIMAL},
      STANDPREM = #{standprem,jdbcType=DECIMAL},
      PREM = #{prem,jdbcType=DECIMAL},
      SUMPREM = #{sumprem,jdbcType=DECIMAL},
      AMNT = #{amnt,jdbcType=DECIMAL},
      RISKAMNT = #{riskamnt,jdbcType=DECIMAL},
      LEAVINGMONEY = #{leavingmoney,jdbcType=DECIMAL},
      ENDORSETIMES = #{endorsetimes,jdbcType=DECIMAL},
      CLAIMTIMES = #{claimtimes,jdbcType=DECIMAL},
      LIVETIMES = #{livetimes,jdbcType=DECIMAL},
      RENEWCOUNT = #{renewcount,jdbcType=DECIMAL},
      LASTGETDATE = #{lastgetdate,jdbcType=TIMESTAMP},
      LASTLOANDATE = #{lastloandate,jdbcType=TIMESTAMP},
      LASTREGETDATE = #{lastregetdate,jdbcType=TIMESTAMP},
      LASTEDORDATE = #{lastedordate,jdbcType=TIMESTAMP},
      LASTREVDATE = #{lastrevdate,jdbcType=TIMESTAMP},
      RNEWFLAG = #{rnewflag,jdbcType=VARCHAR},
      STOPFLAG = #{stopflag,jdbcType=VARCHAR},
      EXPIRYFLAG = #{expiryflag,jdbcType=VARCHAR},
      AUTOPAYFLAG = #{autopayflag,jdbcType=VARCHAR},
      INTERESTDIFFLAG = #{interestdifflag,jdbcType=VARCHAR},
      SUBFLAG = #{subflag,jdbcType=VARCHAR},
      BNFFLAG = #{bnfflag,jdbcType=VARCHAR},
      HEALTHCHECKFLAG = #{healthcheckflag,jdbcType=VARCHAR},
      IMPARTFLAG = #{impartflag,jdbcType=VARCHAR},
      REINSUREFLAG = #{reinsureflag,jdbcType=VARCHAR},
      AGENTPAYFLAG = #{agentpayflag,jdbcType=VARCHAR},
      AGENTGETFLAG = #{agentgetflag,jdbcType=VARCHAR},
      LIVEGETMODE = #{livegetmode,jdbcType=VARCHAR},
      DEADGETMODE = #{deadgetmode,jdbcType=VARCHAR},
      BONUSGETMODE = #{bonusgetmode,jdbcType=VARCHAR},
      BONUSMAN = #{bonusman,jdbcType=VARCHAR},
      DEADFLAG = #{deadflag,jdbcType=VARCHAR},
      SMOKEFLAG = #{smokeflag,jdbcType=VARCHAR},
      REMARK = #{remark,jdbcType=VARCHAR},
      APPROVEFLAG = #{approveflag,jdbcType=VARCHAR},
      APPROVECODE = #{approvecode,jdbcType=VARCHAR},
      APPROVEDATE = #{approvedate,jdbcType=TIMESTAMP},
      APPROVETIME = #{approvetime,jdbcType=VARCHAR},
      UWFLAG = #{uwflag,jdbcType=VARCHAR},
      UWCODE = #{uwcode,jdbcType=VARCHAR},
      UWDATE = #{uwdate,jdbcType=TIMESTAMP},
      UWTIME = #{uwtime,jdbcType=VARCHAR},
      POLAPPLYDATE = #{polapplydate,jdbcType=TIMESTAMP},
      APPFLAG = #{appflag,jdbcType=VARCHAR},
      POLSTATE = #{polstate,jdbcType=VARCHAR},
      STANDBYFLAG1 = #{standbyflag1,jdbcType=VARCHAR},
      STANDBYFLAG2 = #{standbyflag2,jdbcType=VARCHAR},
      STANDBYFLAG3 = #{standbyflag3,jdbcType=VARCHAR},
      WAITPERIOD = #{waitperiod,jdbcType=DECIMAL},
      GETFORM = #{getform,jdbcType=VARCHAR},
      GETBANKCODE = #{getbankcode,jdbcType=VARCHAR},
      GETBANKACCNO = #{getbankaccno,jdbcType=VARCHAR},
      GETACCNAME = #{getaccname,jdbcType=VARCHAR},
      KEEPVALUEOPT = #{keepvalueopt,jdbcType=VARCHAR},
      PAYRULECODE = #{payrulecode,jdbcType=VARCHAR},
      ASCRIPTIONRULECODE = #{ascriptionrulecode,jdbcType=VARCHAR},
      AUTOPUBACCFLAG = #{autopubaccflag,jdbcType=VARCHAR},
      ASCRIPTIONFLAG = #{ascriptionflag,jdbcType=VARCHAR},
      INVESTRULECODE = #{investrulecode,jdbcType=VARCHAR},
      UINTLINKVALIFLAG = #{uintlinkvaliflag,jdbcType=VARCHAR},
      OPERATOR = #{operator,jdbcType=VARCHAR},
      MAKEDATE = #{makedate,jdbcType=TIMESTAMP},
      MAKETIME = #{maketime,jdbcType=VARCHAR},
      MODIFYDATE = #{modifydate,jdbcType=TIMESTAMP},
      MODIFYTIME = #{modifytime,jdbcType=VARCHAR},
      BONUSPAYMODE = #{bonuspaymode,jdbcType=VARCHAR},
      GETINTV = #{getintv,jdbcType=VARCHAR},
      GETSTARTAGE = #{getstartage,jdbcType=VARCHAR},
      GETENDAGE = #{getendage,jdbcType=VARCHAR},
      FULLBONUSGETMODE = #{fullbonusgetmode,jdbcType=VARCHAR},
      AUTORENEWFLAG = #{autorenewflag,jdbcType=VARCHAR},
      SETFLAG = #{setflag,jdbcType=VARCHAR},
      SETCYCLEFLAG = #{setcycleflag,jdbcType=VARCHAR},
      SETCYCLE = #{setcycle,jdbcType=VARCHAR},
      SETNO = #{setno,jdbcType=VARCHAR},
      SETMONEY = #{setmoney,jdbcType=VARCHAR},
      BAK1 = #{bak1,jdbcType=VARCHAR},
      BAK2 = #{bak2,jdbcType=VARCHAR},
      BAK3 = #{bak3,jdbcType=VARCHAR},
      BAK4 = #{bak4,jdbcType=VARCHAR},
      BAK5 = #{bak5,jdbcType=VARCHAR}
    where POLNO = #{polno,jdbcType=VARCHAR}
      and TRANSNO = #{transno,jdbcType=VARCHAR}
  </update>
</mapper>