<?xml version="1.0" encoding="UTF-8"?>
<!DOCTYPE mapper PUBLIC "-//mybatis.org//DTD Mapper 3.0//EN" "http://mybatis.org/dtd/mybatis-3-mapper.dtd">
<mapper namespace="com.sinosoft.db.dao.SYSMenuDao">
  <resultMap id="BaseResultMap" type="com.sinosoft.service.business.db.vo.SYSMenuVo">
    <id column="uid" jdbcType="VARCHAR" property="uid" />
    <result column="par_uid" jdbcType="VARCHAR" property="parUid" />
    <result column="menu_name" jdbcType="VARCHAR" property="menuName" />
    <result column="menu_desc" jdbcType="VARCHAR" property="menuDesc" />
    <result column="menu_status" jdbcType="CHAR" property="menuStatus" />
    <result column="menu_link" jdbcType="VARCHAR" property="menuLink" />
    <result column="menu_index" jdbcType="INTEGER" property="menuIndex" />
    <result column="operator_uid" jdbcType="VARCHAR" property="operatorUid" />
    <result column="version" jdbcType="INTEGER" property="version" />
    <result column="del_flag" jdbcType="CHAR" property="delFlag" />
    <result column="crt_time" jdbcType="TIMESTAMP" property="crtTime" />
    <result column="upd_time" jdbcType="TIMESTAMP" property="updTime" />
  </resultMap>
  <sql id="Base_Column_List">
    uid, par_uid, menu_name, menu_desc, menu_status, menu_link, menu_index, operator_uid, 
    version, del_flag, crt_time, upd_time
  </sql>
  <select id="selectByPrimaryKey" parameterType="java.lang.String" resultMap="BaseResultMap">
    select 
    <include refid="Base_Column_List" />
    from t_sys_menu
    where uid = #{uid,jdbcType=VARCHAR}
  </select>
  <delete id="deleteByPrimaryKey" parameterType="java.lang.String">
    delete from t_sys_menu
    where uid = #{uid,jdbcType=VARCHAR}
  </delete>
  <insert id="insert" parameterType="com.sinosoft.service.business.db.vo.SYSMenuVo">
    insert into t_sys_menu (uid, par_uid, menu_name, 
      menu_desc, menu_status, menu_link, 
      menu_index, operator_uid, version, 
      del_flag, crt_time, upd_time
      )
    values (#{uid,jdbcType=VARCHAR}, #{parUid,jdbcType=VARCHAR}, #{menuName,jdbcType=VARCHAR}, 
      #{menuDesc,jdbcType=VARCHAR}, #{menuStatus,jdbcType=CHAR}, #{menuLink,jdbcType=VARCHAR}, 
      #{menuIndex,jdbcType=INTEGER}, #{operatorUid,jdbcType=VARCHAR}, #{version,jdbcType=INTEGER}, 
      #{delFlag,jdbcType=CHAR}, #{crtTime,jdbcType=TIMESTAMP}, #{updTime,jdbcType=TIMESTAMP}
      )
  </insert>
  <insert id="insertSelective" parameterType="com.sinosoft.service.business.db.vo.SYSMenuVo">
    insert into t_sys_menu
    <trim prefix="(" suffix=")" suffixOverrides=",">
      <if test="uid != null">
        uid,
      </if>
      <if test="parUid != null">
        par_uid,
      </if>
      <if test="menuName != null">
        menu_name,
      </if>
      <if test="menuDesc != null">
        menu_desc,
      </if>
      <if test="menuStatus != null">
        menu_status,
      </if>
      <if test="menuLink != null">
        menu_link,
      </if>
      <if test="menuIndex != null">
        menu_index,
      </if>
      <if test="operatorUid != null">
        operator_uid,
      </if>
      <if test="version != null">
        version,
      </if>
      <if test="delFlag != null">
        del_flag,
      </if>
      <if test="crtTime != null">
        crt_time,
      </if>
      <if test="updTime != null">
        upd_time,
      </if>
    </trim>
    <trim prefix="values (" suffix=")" suffixOverrides=",">
      <if test="uid != null">
        #{uid,jdbcType=VARCHAR},
      </if>
      <if test="parUid != null">
        #{parUid,jdbcType=VARCHAR},
      </if>
      <if test="menuName != null">
        #{menuName,jdbcType=VARCHAR},
      </if>
      <if test="menuDesc != null">
        #{menuDesc,jdbcType=VARCHAR},
      </if>
      <if test="menuStatus != null">
        #{menuStatus,jdbcType=CHAR},
      </if>
      <if test="menuLink != null">
        #{menuLink,jdbcType=VARCHAR},
      </if>
      <if test="menuIndex != null">
        #{menuIndex,jdbcType=INTEGER},
      </if>
      <if test="operatorUid != null">
        #{operatorUid,jdbcType=VARCHAR},
      </if>
      <if test="version != null">
        #{version,jdbcType=INTEGER},
      </if>
      <if test="delFlag != null">
        #{delFlag,jdbcType=CHAR},
      </if>
      <if test="crtTime != null">
        #{crtTime,jdbcType=TIMESTAMP},
      </if>
      <if test="updTime != null">
        #{updTime,jdbcType=TIMESTAMP},
      </if>
    </trim>
  </insert>
  <update id="updateByPrimaryKeySelective" parameterType="com.sinosoft.service.business.db.vo.SYSMenuVo">
    update t_sys_menu
    <set>
      <if test="parUid != null">
        par_uid = #{parUid,jdbcType=VARCHAR},
      </if>
      <if test="menuName != null">
        menu_name = #{menuName,jdbcType=VARCHAR},
      </if>
      <if test="menuDesc != null">
        menu_desc = #{menuDesc,jdbcType=VARCHAR},
      </if>
      <if test="menuStatus != null">
        menu_status = #{menuStatus,jdbcType=CHAR},
      </if>
      <if test="menuLink != null">
        menu_link = #{menuLink,jdbcType=VARCHAR},
      </if>
      <if test="menuIndex != null">
        menu_index = #{menuIndex,jdbcType=INTEGER},
      </if>
      <if test="operatorUid != null">
        operator_uid = #{operatorUid,jdbcType=VARCHAR},
      </if>
      <if test="version != null">
        version = #{version,jdbcType=INTEGER},
      </if>
      <if test="delFlag != null">
        del_flag = #{delFlag,jdbcType=CHAR},
      </if>
      <if test="crtTime != null">
        crt_time = #{crtTime,jdbcType=TIMESTAMP},
      </if>
      <if test="updTime != null">
        upd_time = #{updTime,jdbcType=TIMESTAMP},
      </if>
    </set>
    where uid = #{uid,jdbcType=VARCHAR}
  </update>
  <update id="updateByPrimaryKey" parameterType="com.sinosoft.service.business.db.vo.SYSMenuVo">
    update t_sys_menu
    set par_uid = #{parUid,jdbcType=VARCHAR},
      menu_name = #{menuName,jdbcType=VARCHAR},
      menu_desc = #{menuDesc,jdbcType=VARCHAR},
      menu_status = #{menuStatus,jdbcType=CHAR},
      menu_link = #{menuLink,jdbcType=VARCHAR},
      menu_index = #{menuIndex,jdbcType=INTEGER},
      operator_uid = #{operatorUid,jdbcType=VARCHAR},
      version = #{version,jdbcType=INTEGER},
      del_flag = #{delFlag,jdbcType=CHAR},
      crt_time = #{crtTime,jdbcType=TIMESTAMP},
      upd_time = #{updTime,jdbcType=TIMESTAMP}
    where uid = #{uid,jdbcType=VARCHAR}
  </update>
</mapper>